feature,coefficient,feature_type
00,2.4724784687568873,word (tfidf)
10,-0.8532492469297857,word (tfidf)
10 00,1.0151437775015197,word (tfidf)
100,0.5708331922763495,word (tfidf)
11,-0.5054056097798046,word (tfidf)
12,-0.01778732338208999,word (tfidf)
13,-1.1989580923128458,word (tfidf)
14,1.1279591105441282,word (tfidf)
15,0.73957982207263,word (tfidf)
16,-0.6940690240541955,word (tfidf)
17,1.0127593002488027,word (tfidf)
18,0.8057753801647576,word (tfidf)
19,-0.35416548210792753,word (tfidf)
20,-0.4151698736163256,word (tfidf)
20 years,-1.0251233312839074,word (tfidf)
200,1.5204340198059167,word (tfidf)
2014,-2.603908876969166,word (tfidf)
2015,-2.729047361692477,word (tfidf)
2016,-1.6689621288558572,word (tfidf)
2017,-1.6893396059863448,word (tfidf)
2018,-0.8930096977914603,word (tfidf)
2020,1.4593697431329253,word (tfidf)
21,-1.1942608991406003,word (tfidf)
22,-0.36038294338338805,word (tfidf)
23,0.11694824456476442,word (tfidf)
24,0.24800532653407026,word (tfidf)
25,-0.32065348035310337,word (tfidf)
27,-0.2545143918298738,word (tfidf)
30,2.292748885563265,word (tfidf)
300,0.8509502381036309,word (tfidf)
32,1.4220315511195603,word (tfidf)
35,0.6903914219313766,word (tfidf)
40,1.0091044047110538,word (tfidf)
400,1.4324794369855751,word (tfidf)
45,1.069944067887255,word (tfidf)
50,0.20749608642128253,word (tfidf)
500,0.72578219291465,word (tfidf)
60,-0.07362617972439847,word (tfidf)
70,-0.07736278076156633,word (tfidf)
80,0.671303246622661,word (tfidf)
90,1.2521661950450538,word (tfidf)
98,2.169773950912528,word (tfidf)
99,1.7122956438865164,word (tfidf)
abandoned,-0.20033412829982014,word (tfidf)
ability,0.5759329790716329,word (tfidf)
able,1.1621841630499692,word (tfidf)
abortion,-0.5714131407126096,word (tfidf)
absolutely,0.8929526030838267,word (tfidf)
abuse,-1.425136844855657,word (tfidf)
academy,1.991999245183777,word (tfidf)
accept,-0.3288749442038637,word (tfidf)
access,-0.5371952534379081,word (tfidf)
accident,-0.5408499252249249,word (tfidf)
accidentally,2.265748978411122,word (tfidf)
according,-2.2762591401062537,word (tfidf)
account,1.1881417922259474,word (tfidf)
accused,-4.414356308639154,word (tfidf)
act,0.3479862952900578,word (tfidf)
acting,0.5074697258248223,word (tfidf)
action,-0.9371605493977372,word (tfidf)
activist,-0.9580579064429784,word (tfidf)
activists,-1.738428363533103,word (tfidf)
actor,-0.28217379817469396,word (tfidf)
actors,-0.22665107024091047,word (tfidf)
actress,0.009435318151666537,word (tfidf)
actual,0.427034873433969,word (tfidf)
actually,0.9398956295158285,word (tfidf)
ad,0.5083422562482377,word (tfidf)
adam,0.4229240789325112,word (tfidf)
add,0.6990957963852102,word (tfidf)
addiction,-0.47301782789767943,word (tfidf)
address,0.6822245373413249,word (tfidf)
adds,1.4049912298454914,word (tfidf)
adele,-2.006413729914558,word (tfidf)
administration,0.12945503167846817,word (tfidf)
admit,1.5001069639924052,word (tfidf)
admits,1.7621134639078637,word (tfidf)
adorable,-1.712342652512145,word (tfidf)
ads,-0.6858680550797204,word (tfidf)
adult,0.2345626621483755,word (tfidf)
advice,-1.7734332952122152,word (tfidf)
adviser,-1.3226253652909752,word (tfidf)
affair,1.2738075632981574,word (tfidf)
afford,-1.1515040203385778,word (tfidf)
affordable,-0.9025412918378164,word (tfidf)
afghan,-0.24978809500596802,word (tfidf)
afghanistan,-0.15859322729470812,word (tfidf)
afraid,0.19924550958810247,word (tfidf)
africa,-0.4473639249214279,word (tfidf)
african,-0.21761565012803147,word (tfidf)
age,0.5356512270121202,word (tfidf)
aged,0.3173631391822542,word (tfidf)
agent,1.8444134973348079,word (tfidf)
agents,0.7747081500377102,word (tfidf)
aging,0.4048236847432818,word (tfidf)
ago,0.8796852866303604,word (tfidf)
agree,0.0672953804237366,word (tfidf)
agrees,1.2790361014907325,word (tfidf)
ahead,0.7640637199398351,word (tfidf)
aid,-0.6956247063492984,word (tfidf)
aide,-0.18020356987092848,word (tfidf)
aides,2.5414003816481006,word (tfidf)
aims,-0.4784124876120331,word (tfidf)
air,0.8652880745171113,word (tfidf)
airlines,-0.6330198821545089,word (tfidf)
airport,0.23815413021132337,word (tfidf)
al,0.806828017713288,word (tfidf)
al qaeda,0.7926350172705461,word (tfidf)
alabama,0.6780056191341484,word (tfidf)
album,0.11760742324655214,word (tfidf)
alert,0.9916012069816944,word (tfidf)
alex,0.77658640262549,word (tfidf)
alive,0.31154525799257204,word (tfidf)
allegations,-0.6361497922730961,word (tfidf)
alleged,-2.33439095166521,word (tfidf)
allegedly,-2.7667282602087235,word (tfidf)
allen,-0.04174601166971538,word (tfidf)
allies,-0.40059134880658415,word (tfidf)
allow,0.6294352913388571,word (tfidf)
allowing,-0.4908444937791442,word (tfidf)
allows,2.3229827270235046,word (tfidf)
alzheimer,-1.7383132617271337,word (tfidf)
amazing,-1.5890478819366312,word (tfidf)
amazon,-1.383415898665755,word (tfidf)
ambassador,0.5042756519787914,word (tfidf)
amendment,0.05339965454363985,word (tfidf)
america,-0.2608739874367334,word (tfidf)
american,0.5164700534248181,word (tfidf)
americans,2.2249551678107107,word (tfidf)
amid,-2.975377500696338,word (tfidf)
amy,-0.6443234238265318,word (tfidf)
amy schumer,-1.002642793764689,word (tfidf)
anchor,0.3843366287281264,word (tfidf)
ancient,-0.27029586918148835,word (tfidf)
anderson,0.9935208650918016,word (tfidf)
andrew,0.8246309759847074,word (tfidf)
angel,0.3615136131913934,word (tfidf)
angeles,0.28421749732127255,word (tfidf)
anger,-0.22793820025635006,word (tfidf)
angry,-0.9740933738364288,word (tfidf)
animal,-0.40422937353436694,word (tfidf)
animals,0.15674901466032215,word (tfidf)
ann,-0.2953410128176952,word (tfidf)
anne,1.1192055124173257,word (tfidf)
anniversary,0.45334092206076554,word (tfidf)
announce,2.651483928631841,word (tfidf)
announcement,-1.049596180024477,word (tfidf)
announces,3.88773209670381,word (tfidf)
announces new,-0.5749529528200709,word (tfidf)
announces plan,0.8424825787775212,word (tfidf)
announces plans,1.0007332593193266,word (tfidf)
annoyed,1.711209061703442,word (tfidf)
annoying,0.7169563217216851,word (tfidf)
annual,1.5472131619455856,word (tfidf)
anonymous,1.4819209866096361,word (tfidf)
answer,-0.4366920364150563,word (tfidf)
anthem,-0.499280648426818,word (tfidf)
anti,-1.4789725339117958,word (tfidf)
anxiety,-1.0577039141846716,word (tfidf)
anymore,1.181845769578199,word (tfidf)
apart,0.909341376818849,word (tfidf)
apartment,2.8767182725155203,word (tfidf)
apologizes,0.6189138262555484,word (tfidf)
apology,0.08097940688574383,word (tfidf)
app,-0.2715510042292948,word (tfidf)
apparently,1.4984324717847717,word (tfidf)
appear,0.09587331483520148,word (tfidf)
appearance,0.5849557478970359,word (tfidf)
appears,-0.47011776986464293,word (tfidf)
apple,-0.4292557890062958,word (tfidf)
approval,1.2300572431618666,word (tfidf)
approves,0.5991079909740569,word (tfidf)
april,-1.3960524948628,word (tfidf)
arabia,0.2983526872449592,word (tfidf)
archaeologists,1.9246876643530275,word (tfidf)
archives,2.191028337684022,word (tfidf)
arctic,-0.6905986765750362,word (tfidf)
area,6.237560901372767,word (tfidf)
area dad,1.1764757537348642,word (tfidf)
area man,2.423152606277043,word (tfidf)
area woman,1.8609514950228072,word (tfidf)
argument,0.24253302613304795,word (tfidf)
arizona,0.04154458392290743,word (tfidf)
arm,0.8218895139180767,word (tfidf)
armed,-0.1085641584961201,word (tfidf)
arms,0.1305264743240003,word (tfidf)
army,-0.4729301726037799,word (tfidf)
arrest,-1.2586593866595204,word (tfidf)
arrested,-1.5411241232958404,word (tfidf)
art,-1.2161268461630734,word (tfidf)
article,1.9219177697431813,word (tfidf)
artist,-1.3551112044924485,word (tfidf)
artists,-1.8972768503068986,word (tfidf)
asian,-1.1865179153400454,word (tfidf)
aside,0.8171026702200309,word (tfidf)
ask,-0.6042845165247728,word (tfidf)
asked,1.1052085327215047,word (tfidf)
asking,-0.4575664928433529,word (tfidf)
asks,2.436483533261249,word (tfidf)
ass,3.004746494260556,word (tfidf)
assad,-0.22193422929965645,word (tfidf)
assault,-1.4442908359028694,word (tfidf)
asshole,3.006093484929532,word (tfidf)
assistant,2.0060824010907314,word (tfidf)
assures,3.2615516285199195,word (tfidf)
attack,-1.836268663021694,word (tfidf)
attacks,-1.1234441963244868,word (tfidf)
attempt,1.3008336491120613,word (tfidf)
attempting,1.604773698493776,word (tfidf)
attempts,0.44059794868063024,word (tfidf)
attend,-0.7108734426070911,word (tfidf)
attention,0.32339593859536003,word (tfidf)
attorney,-0.20704853586221364,word (tfidf)
attractive,1.3307067030578486,word (tfidf)
audience,2.5466558198776963,word (tfidf)
aunt,1.7341087152254817,word (tfidf)
australia,-0.5313626892984701,word (tfidf)
australian,-1.5248953298897805,word (tfidf)
author,-0.13095070619296145,word (tfidf)
authorities,1.6826484361554324,word (tfidf)
available,2.606364536055179,word (tfidf)
average,1.7736355285139156,word (tfidf)
average american,0.6780451978567835,word (tfidf)
avoid,-1.1047885220886202,word (tfidf)
award,0.9210549991649379,word (tfidf)
awards,0.27470497387804266,word (tfidf)
awareness,0.2302865359985075,word (tfidf)
away,1.6342783930394853,word (tfidf)
awesome,0.15907325265891986,word (tfidf)
awful,-0.38941921901608517,word (tfidf)
awkward,-0.8775629151948646,word (tfidf)
babies,-0.8201264722216662,word (tfidf)
baby,-0.4235678649765756,word (tfidf)
bachelor,-1.1628407509017458,word (tfidf)
backed,-0.7645284700888164,word (tfidf)
bacon,-0.605250787506689,word (tfidf)
bad,-0.526809127614187,word (tfidf)
bag,2.045501937581836,word (tfidf)
baldwin,0.5312609307125941,word (tfidf)
ball,0.503218043521973,word (tfidf)
baltimore,-0.20066580670280712,word (tfidf)
ban,-0.7886410388094163,word (tfidf)
band,1.311845596301331,word (tfidf)
bank,0.43723894888315523,word (tfidf)
banks,-1.934674609025734,word (tfidf)
bannon,0.7144405876587998,word (tfidf)
bans,0.1627221280500892,word (tfidf)
bar,3.050688535459226,word (tfidf)
barack,-0.5059079787733728,word (tfidf)
barack obama,-0.4425470167378938,word (tfidf)
barely,1.3451078445702311,word (tfidf)
base,0.9779127503971992,word (tfidf)
baseball,0.4751833597407815,word (tfidf)
based,1.310067299573042,word (tfidf)
basketball,-0.8287015816601097,word (tfidf)
bathroom,0.8878729925759811,word (tfidf)
battle,-0.2994115152447115,word (tfidf)
beach,-0.436346127995231,word (tfidf)
bear,0.5505487927865751,word (tfidf)
beat,-0.8842760470456545,word (tfidf)
beating,-0.41518407266552454,word (tfidf)
beautiful,-0.1378456580631019,word (tfidf)
beauty,-2.3149528721878636,word (tfidf)
bed,2.2486145207047774,word (tfidf)
bedroom,0.2891582444555113,word (tfidf)
bee,0.037401871110659624,word (tfidf)
beef,0.3763348855595136,word (tfidf)
beer,0.06412721635776863,word (tfidf)
begin,0.8127382895594933,word (tfidf)
beginning,0.8554448243172882,word (tfidf)
begins,2.145688491306738,word (tfidf)
behavior,0.1072127024633734,word (tfidf)
believe,1.7875044845632078,word (tfidf)
believes,0.5280591795525023,word (tfidf)
bell,-0.007447105428041632,word (tfidf)
beloved,0.5300094359603454,word (tfidf)
ben,0.026904609876570097,word (tfidf)
ben carson,-0.2615642055071055,word (tfidf)
benefit,0.2866483209864463,word (tfidf)
benefits,-0.40249013072702017,word (tfidf)
bernie,-1.4544612303038034,word (tfidf)
bernie sanders,0.11115052620517193,word (tfidf)
best,-1.808477220455586,word (tfidf)
betsy,-0.8978516818626474,word (tfidf)
betsy devos,-0.8978516818626474,word (tfidf)
better,0.28482653645679507,word (tfidf)
beyoncé,-1.6291183807291216,word (tfidf)
bible,0.2951187773087841,word (tfidf)
bid,-1.1363693286210466,word (tfidf)
biden,2.420278287733521,word (tfidf)
big,-0.26846317872294595,word (tfidf)
biggest,-1.2133936420244462,word (tfidf)
bike,-0.04331635417647507,word (tfidf)
bikini,-0.5888395674774434,word (tfidf)
billion,0.5216598189780608,word (tfidf)
billionaire,-0.34023361396774704,word (tfidf)
billions,0.5436329539788751,word (tfidf)
billy,-0.19377703365080007,word (tfidf)
bin,1.6227792382957167,word (tfidf)
bin laden,1.1180295049585933,word (tfidf)
bird,0.40303178449459953,word (tfidf)
birth,-0.5197514623066185,word (tfidf)
birthday,-0.42924076567215225,word (tfidf)
bit,0.8573073976247082,word (tfidf)
bizarre,-1.1004378972506808,word (tfidf)
black,-1.8056398464005254,word (tfidf)
black man,1.3551242356856266,word (tfidf)
blame,0.4694555307620461,word (tfidf)
blames,-0.9453261220760488,word (tfidf)
blast,-0.4077686974900054,word (tfidf)
blasts,-0.6788898239875717,word (tfidf)
block,-1.1780157666192188,word (tfidf)
blood,1.3035764783088306,word (tfidf)
blow,-0.43537637734291934,word (tfidf)
blows,1.2275301200944753,word (tfidf)
blue,-0.7315156388557084,word (tfidf)
board,1.2891032410351804,word (tfidf)
boat,-0.7332406507299015,word (tfidf)
bob,2.0191281575380344,word (tfidf)
bodies,-0.9013847490978663,word (tfidf)
body,0.3079798737850085,word (tfidf)
boehner,-0.8504074442343007,word (tfidf)
bold,-0.06678907602438972,word (tfidf)
bolton,0.9219546000793823,word (tfidf)
bomb,-0.8955008938055673,word (tfidf)
bombing,1.2355604712066603,word (tfidf)
bond,0.8893574578353802,word (tfidf)
book,-0.07819474519148675,word (tfidf)
books,-1.3430269876150212,word (tfidf)
boost,-0.669174621344119,word (tfidf)
border,0.4262259538520189,word (tfidf)
bored,1.8744594671741424,word (tfidf)
boring,1.1344512866045897,word (tfidf)
born,0.14156342435586206,word (tfidf)
boss,0.9959754150184755,word (tfidf)
boston,0.3601657359844283,word (tfidf)
bottle,1.6694400482039242,word (tfidf)
bowl,0.8124525395118334,word (tfidf)
box,1.547275109116376,word (tfidf)
box office,-2.1434751635467584,word (tfidf)
boy,-0.007771527434441378,word (tfidf)
boyfriend,1.8217100441650236,word (tfidf)
boys,0.5274087613981654,word (tfidf)
brain,-0.9672546670956668,word (tfidf)
brand,0.26697456498450345,word (tfidf)
brazil,-1.3802331224269646,word (tfidf)
break,-0.330198562600868,word (tfidf)
breakfast,-0.30925961966903376,word (tfidf)
breaking,1.8899804389841564,word (tfidf)
breaks,0.4883293626152335,word (tfidf)
breast,0.0030234559234605125,word (tfidf)
bride,0.8386823234353399,word (tfidf)
bridge,0.839038771892485,word (tfidf)
brief,0.5162191554370718,word (tfidf)
bring,-0.06987469995391582,word (tfidf)
bringing,-0.5959927589508344,word (tfidf)
brings,-0.13013739110098638,word (tfidf)
britain,-1.0766597351221487,word (tfidf)
british,0.4849088105087603,word (tfidf)
britney,-1.1752573055338003,word (tfidf)
britney spears,-0.4736740889564227,word (tfidf)
broadway,-1.2833897868554038,word (tfidf)
broke,-0.3533223932619387,word (tfidf)
broken,-1.1992770757734899,word (tfidf)
brooklyn,1.1549008871530906,word (tfidf)
brother,0.024725895923725857,word (tfidf)
brothers,-0.4776381036037951,word (tfidf)
brought,0.839169848265735,word (tfidf)
brown,0.21213174465276274,word (tfidf)
bruce,0.662016088326869,word (tfidf)
budget,0.2293058578881519,word (tfidf)
build,-0.11075544823267262,word (tfidf)
building,-0.047991378591590445,word (tfidf)
bunch,1.0478866119896615,word (tfidf)
burger,1.2904460702837302,word (tfidf)
burger king,0.967383756409555,word (tfidf)
burning,0.3587334513973336,word (tfidf)
burns,1.4616884164119621,word (tfidf)
bus,1.3760196436803518,word (tfidf)
bush,3.9163538937126385,word (tfidf)
business,-0.9772839692868753,word (tfidf)
businesses,0.29752689532721494,word (tfidf)
busy,1.6031728345511103,word (tfidf)
buy,-1.0234994306583178,word (tfidf)
buying,-0.2888899633071875,word (tfidf)
buys,1.4158795381724092,word (tfidf)
cabinet,0.9038551061986253,word (tfidf)
caitlyn,-0.5817442979184373,word (tfidf)
cake,-0.1627190413868778,word (tfidf)
california,-2.530670016361611,word (tfidf)
called,1.8868495431644128,word (tfidf)
calling,0.3182212115343146,word (tfidf)
calls,-0.7834706871163555,word (tfidf)
calm,-0.17443903239447023,word (tfidf)
came,0.11339176753204841,word (tfidf)
camera,0.03074952775290223,word (tfidf)
camp,-0.03615450681793156,word (tfidf)
campaign,0.7621516035249544,word (tfidf)
campus,0.41665556064162246,word (tfidf)
canada,-0.20924954708864674,word (tfidf)
cancer,-0.6255775583633367,word (tfidf)
candidate,1.0665993702585697,word (tfidf)
candidates,0.44984516332109403,word (tfidf)
candy,0.7660133960927368,word (tfidf)
capable,2.3055695472037474,word (tfidf)
capital,-0.7438663432800892,word (tfidf)
capitol,0.46253944073979675,word (tfidf)
captain,0.2212407292221909,word (tfidf)
capture,-0.6972310238738683,word (tfidf)
captures,-1.2098091786528857,word (tfidf)
car,0.10373689032748004,word (tfidf)
carbon,-0.5921651964057865,word (tfidf)
card,0.8812160923516869,word (tfidf)
cards,0.023704461033107006,word (tfidf)
care,-0.14480223186832844,word (tfidf)
career,1.4121665588351873,word (tfidf)
carolina,-0.15516830022277076,word (tfidf)
carpet,0.18528964062721257,word (tfidf)
carry,-1.4654601241124356,word (tfidf)
carrying,-0.8638737710816173,word (tfidf)
cars,-0.5893153252934339,word (tfidf)
carson,0.05464522341464446,word (tfidf)
carter,1.428509241866358,word (tfidf)
case,-0.13459846171961418,word (tfidf)
cases,-1.0286549703328902,word (tfidf)
cash,1.761408396829755,word (tfidf)
cashier,1.465877004430868,word (tfidf)
cast,-0.12806147183875227,word (tfidf)
cat,0.5843336467009855,word (tfidf)
catch,-1.3892624293701408,word (tfidf)
catches,-0.4861574835462811,word (tfidf)
catholic,1.0018362375773813,word (tfidf)
caught,-0.9372973205017496,word (tfidf)
caused,-0.15035178971076918,word (tfidf)
causes,0.4277711653891128,word (tfidf)
causing,-0.3092276177377614,word (tfidf)
cbs,0.4030477740029147,word (tfidf)
ceiling,-1.8131902090703946,word (tfidf)
celebrate,-0.9135644412611295,word (tfidf)
celebrates,1.0462231612433412,word (tfidf)
celebrating,-1.3587515547731661,word (tfidf)
celebrities,-0.4692221529336301,word (tfidf)
celebrity,-0.49387454027176947,word (tfidf)
cell,0.18509118724870655,word (tfidf)
census,0.27978389017298255,word (tfidf)
center,0.7465596044598607,word (tfidf)
central,-0.7294456374989162,word (tfidf)
century,-0.12704992298975934,word (tfidf)
ceo,1.148770591775202,word (tfidf)
ceremony,-0.030855086707574128,word (tfidf)
chain,0.5156662124819903,word (tfidf)
chair,0.7228176023432618,word (tfidf)
challenge,-0.9934388432896024,word (tfidf)
challenges,-0.42794150814540777,word (tfidf)
chance,-0.3199255622524347,word (tfidf)
change,-1.5137762061608067,word (tfidf)
changed,-0.6632566766159228,word (tfidf)
changes,0.16267994017890422,word (tfidf)
changing,-1.4866850837288161,word (tfidf)
channel,1.609233977012159,word (tfidf)
character,1.983042056681536,word (tfidf)
characters,1.179484866000097,word (tfidf)
charge,-0.408243562352617,word (tfidf)
charged,-2.1922448519659348,word (tfidf)
charges,-1.6237824905109979,word (tfidf)
charity,0.2079564703375638,word (tfidf)
charles,0.571678594806748,word (tfidf)
charlottesville,-1.448356012823768,word (tfidf)
cheap,0.2740169494698254,word (tfidf)
check,1.121409962348355,word (tfidf)
checks,0.420465550204609,word (tfidf)
cheese,0.1482945299708512,word (tfidf)
chemical,-0.35882731945968627,word (tfidf)
cheney,1.4268462863837579,word (tfidf)
chicago,0.007318114094585738,word (tfidf)
chicken,1.1369518098973699,word (tfidf)
chief,-1.0276451632405001,word (tfidf)
child,1.6896663473423061,word (tfidf)
childhood,-0.8116095645871397,word (tfidf)
children,0.3221683631915172,word (tfidf)
china,-1.3697497449812859,word (tfidf)
chinese,0.10457318835850261,word (tfidf)
choice,-0.3216940877671923,word (tfidf)
chris,-0.5511383352438795,word (tfidf)
chris christie,-0.7249738354673213,word (tfidf)
chrissy,-1.503347305275993,word (tfidf)
chrissy teigen,-1.39491199406571,word (tfidf)
christ,2.4559853196742365,word (tfidf)
christian,0.5134618161658658,word (tfidf)
christie,-0.5094341161608416,word (tfidf)
christmas,0.43988301621878934,word (tfidf)
chuck,1.787143262177027,word (tfidf)
church,1.6800841177967578,word (tfidf)
cia,-0.07382218546474878,word (tfidf)
circle,0.6466129208194362,word (tfidf)
cities,-1.4225899914984865,word (tfidf)
citizens,0.5526131055577782,word (tfidf)
city,0.34563751470388937,word (tfidf)
civil,0.8178621603036222,word (tfidf)
civil rights,-1.520532562437002,word (tfidf)
claim,0.5577031281790569,word (tfidf)
claims,1.3536345775359802,word (tfidf)
class,1.1663346997013078,word (tfidf)
classic,-0.3821811162201384,word (tfidf)
clean,-1.4179373531182207,word (tfidf)
cleaning,0.2872606603932105,word (tfidf)
clear,1.3031511784327199,word (tfidf)
clearly,4.120384139682421,word (tfidf)
cleveland,0.2165210786921393,word (tfidf)
climate,-2.356276395656868,word (tfidf)
climate change,-0.8003879727564996,word (tfidf)
clinton,2.5111813399313143,word (tfidf)
clinton campaign,-0.7297824245812443,word (tfidf)
clip,-0.8363368078642376,word (tfidf)
clock,1.5848681801781035,word (tfidf)
close,0.7118893465622809,word (tfidf)
closer,-0.47427074454402074,word (tfidf)
closet,-0.9648405798118987,word (tfidf)
clothes,0.11686468342578271,word (tfidf)
club,1.062646867237264,word (tfidf)
cnn,1.1736360311411829,word (tfidf)
coach,-0.010029003285125416,word (tfidf)
coast,0.796097683884914,word (tfidf)
code,0.511076194396485,word (tfidf)
coffee,0.672908629591236,word (tfidf)
cohen,1.4747003091205395,word (tfidf)
colbert,-1.7564725410424076,word (tfidf)
cold,-0.023944775211006037,word (tfidf)
colin,-1.566049383599155,word (tfidf)
collection,0.5071482194873747,word (tfidf)
college,-0.7966072836779395,word (tfidf)
colleges,-1.4975065855385834,word (tfidf)
color,-1.0835115708921585,word (tfidf)
colorado,0.4900164282300898,word (tfidf)
com,0.7734820942372328,word (tfidf)
come,1.386825825337051,word (tfidf)
comedian,0.1185687691599561,word (tfidf)
comedy,0.22166468604846867,word (tfidf)
comes,1.8168682755722856,word (tfidf)
comey,-0.40181798651637923,word (tfidf)
comfortable,-0.21601599508621422,word (tfidf)
comic,0.9801511483503467,word (tfidf)
coming,0.40456396496596897,word (tfidf)
comments,0.3764341930694256,word (tfidf)
commercial,1.2099658576945147,word (tfidf)
commercials,0.6716174551666416,word (tfidf)
committed,0.520758626809562,word (tfidf)
committee,0.9560385189180607,word (tfidf)
common,-1.2718751831534625,word (tfidf)
communities,-1.0811683465604585,word (tfidf)
community,0.1728218754257105,word (tfidf)
companies,-1.716044492699615,word (tfidf)
company,0.6131006144011489,word (tfidf)
compares,-1.1094011710141447,word (tfidf)
complete,1.074237226232895,word (tfidf)
completely,-0.24179481474230238,word (tfidf)
completes,1.953352555503657,word (tfidf)
computer,1.2734099278943207,word (tfidf)
concerned,2.145411470835482,word (tfidf)
concert,-0.8007586149245342,word (tfidf)
condemns,1.1547968041492862,word (tfidf)
conditions,0.7554654567039187,word (tfidf)
confederate,-1.0599996532760663,word (tfidf)
conference,-0.44116428239923644,word (tfidf)
confidence,0.06330687980171851,word (tfidf)
confirm,0.6820129093053974,word (tfidf)
confirms,1.9579399188610351,word (tfidf)
conflict,0.3584020869108351,word (tfidf)
confused,0.7826601732435694,word (tfidf)
congress,0.6529083803925306,word (tfidf)
congressional,-1.3736247549399465,word (tfidf)
congressman,-0.010433204904011706,word (tfidf)
connection,-0.08723141166240174,word (tfidf)
conscious,1.373859406479287,word (tfidf)
conservative,-1.1769790209702307,word (tfidf)
conservatives,-1.4497709468922761,word (tfidf)
consider,0.34593310298393226,word (tfidf)
considering,0.5914651702222342,word (tfidf)
conspiracy,-0.3705568386195471,word (tfidf)
constantly,1.5455028950819425,word (tfidf)
constitution,0.8077119847420735,word (tfidf)
consumer,0.20297667269878025,word (tfidf)
contact,1.298839099899181,word (tfidf)
content,0.10499560269811621,word (tfidf)
contest,1.1515706090846813,word (tfidf)
continue,0.01263308932527187,word (tfidf)
continues,-0.6101951084792494,word (tfidf)
contract,-0.02843421093245703,word (tfidf)
control,0.6650762703361199,word (tfidf)
controversial,0.11448451115610474,word (tfidf)
controversy,-2.0240436644680533,word (tfidf)
convention,0.6804632611711005,word (tfidf)
conversation,0.11343174683695358,word (tfidf)
cook,-0.7711013684556522,word (tfidf)
cooking,-0.8213629361293664,word (tfidf)
cool,1.291896168334112,word (tfidf)
cooper,0.6974662937101002,word (tfidf)
cop,-1.213640700401181,word (tfidf)
cops,-3.561815636670332,word (tfidf)
corden,-1.4132816175598149,word (tfidf)
corner,1.8768601827130933,word (tfidf)
corporate,-0.04354646533573891,word (tfidf)
corruption,0.704825513740156,word (tfidf)
cosby,-0.7384853995165409,word (tfidf)
cost,0.1737248443632281,word (tfidf)
costs,-0.4159234681863103,word (tfidf)
costume,0.7667053338393912,word (tfidf)
couch,0.38659278139219,word (tfidf)
council,1.1054727416869274,word (tfidf)
countries,-0.7965007784875132,word (tfidf)
country,1.008070359002442,word (tfidf)
couple,1.2698047124942247,word (tfidf)
couples,-0.42211629375047854,word (tfidf)
course,0.48286126405892527,word (tfidf)
court,-1.3459246239420506,word (tfidf)
cover,0.03571036140329195,word (tfidf)
coverage,0.6193157297399352,word (tfidf)
covered,2.4292060246299916,word (tfidf)
covers,0.09207871524906874,word (tfidf)
coworker,2.243166657563042,word (tfidf)
coworkers,1.614307616167375,word (tfidf)
crack,-0.1454926479379535,word (tfidf)
cracks,0.13868712403197228,word (tfidf)
crash,0.1958218565265179,word (tfidf)
crashes,-1.8844801600987073,word (tfidf)
crazy,-0.5344514542212774,word (tfidf)
cream,0.0073028221080253235,word (tfidf)
create,-0.30738452343310546,word (tfidf)
created,0.3200736457754675,word (tfidf)
creates,-0.6950127598863104,word (tfidf)
creating,-1.4301125322440222,word (tfidf)
creative,-0.42388004340172925,word (tfidf)
creator,-0.3191077187933926,word (tfidf)
credit,0.5740899656013584,word (tfidf)
creepy,0.11583610098111255,word (tfidf)
crew,-0.24695999740198754,word (tfidf)
crime,0.12455443945896977,word (tfidf)
crimes,-0.3028683527797943,word (tfidf)
criminal,-0.19110871829666268,word (tfidf)
crisis,-1.8460113253289316,word (tfidf)
criticism,-1.631712509163584,word (tfidf)
critics,0.2828119397831381,word (tfidf)
cross,0.49304455444230555,word (tfidf)
crowd,1.9786218803289897,word (tfidf)
cruise,1.4038429392919445,word (tfidf)
cruz,-0.08800494708607937,word (tfidf)
crying,0.35641056184621883,word (tfidf)
cuba,-1.9985714246166904,word (tfidf)
culture,-1.2468395246021495,word (tfidf)
cuomo,-0.7341005956726983,word (tfidf)
cup,0.616706045468554,word (tfidf)
current,1.017887031445278,word (tfidf)
currently,2.433454779953584,word (tfidf)
customer,1.2420997008896402,word (tfidf)
customers,1.4097989879482995,word (tfidf)
cut,0.3610742715185075,word (tfidf)
cute,0.14768532006275423,word (tfidf)
cuts,0.3112633602865484,word (tfidf)
cyber,0.18904094002924113,word (tfidf)
cyrus,-0.60723068097041,word (tfidf)
dad,1.0836233886891933,word (tfidf)
dads,-1.463817442717579,word (tfidf)
daily,-0.8154092994775313,word (tfidf)
dakota,0.09199152025831368,word (tfidf)
dallas,-0.9524329036585985,word (tfidf)
damage,-0.46866300691262086,word (tfidf)
damn,-1.849126189021774,word (tfidf)
dance,-0.6948198291747043,word (tfidf)
dancing,-0.6709394656280987,word (tfidf)
dangerous,-1.6638249035578494,word (tfidf)
dangers,0.3394710098948383,word (tfidf)
daniels,-0.13307438598717825,word (tfidf)
dark,-0.4612350066267149,word (tfidf)
data,-0.8448791796709899,word (tfidf)
date,1.303958122787938,word (tfidf)
dating,0.3053921363560323,word (tfidf)
daughter,-1.436336845875992,word (tfidf)
daughters,-0.25938019978249544,word (tfidf)
dave,0.5288797158563681,word (tfidf)
david,-0.48000061456938226,word (tfidf)
davis,-1.3001356486502955,word (tfidf)
day,0.3881352420298498,word (tfidf)
days,0.03486593323940638,word (tfidf)
dead,-0.008286084818327905,word (tfidf)
deadly,-2.566973164653059,word (tfidf)
deal,-1.5346975101184186,word (tfidf)
dear,-2.4016761474295354,word (tfidf)
death,-0.12878400639618076,word (tfidf)
death toll,-0.4625963992848578,word (tfidf)
deaths,0.2131385540872619,word (tfidf)
debate,0.9491362230181184,word (tfidf)
debt,-0.9128226134754367,word (tfidf)
debuts,0.7027533460197979,word (tfidf)
debuts new,1.486294494172079,word (tfidf)
decades,-0.06987698502338621,word (tfidf)
december,0.16041555771059066,word (tfidf)
decide,0.2132643369442915,word (tfidf)
decides,0.279406259537723,word (tfidf)
decision,1.085802097186935,word (tfidf)
declares,1.8153084220462374,word (tfidf)
deep,0.9662937499785326,word (tfidf)
deeply,2.1447706681850542,word (tfidf)
defeat,0.5547157341732362,word (tfidf)
defend,-0.7178687122871966,word (tfidf)
defends,0.4135564075331785,word (tfidf)
defense,0.48940651695117643,word (tfidf)
delicious,1.0869095656094974,word (tfidf)
deliver,0.6365015302234202,word (tfidf)
delivers,0.8884811575176543,word (tfidf)
demand,-0.1151142386022129,word (tfidf)
demands,1.964729881495,word (tfidf)
democracy,-0.38412044743811485,word (tfidf)
democratic,-2.2092657245763783,word (tfidf)
democrats,-1.70097065035073,word (tfidf)
denies,1.0748638205186962,word (tfidf)
department,1.8732799661984014,word (tfidf)
depressed,1.3521913806940382,word (tfidf)
depression,-0.5754495077049362,word (tfidf)
deserve,-0.1366468646936561,word (tfidf)
design,-1.3006853357675145,word (tfidf)
designer,0.36122112756441865,word (tfidf)
desk,2.1596474419815257,word (tfidf)
desperate,2.8748795256664468,word (tfidf)
despite,-0.5024535180457566,word (tfidf)
destroy,0.5342879983503976,word (tfidf)
details,-1.8914398300542177,word (tfidf)
detective,2.1824614260300175,word (tfidf)
determine,1.0740489654820327,word (tfidf)
determined,0.3358131308746198,word (tfidf)
detroit,-0.4795909999668838,word (tfidf)
developing,1.3867235403200657,word (tfidf)
devos,-1.1445224664025055,word (tfidf)
dick,1.5248621489645722,word (tfidf)
did,-0.4345569698567635,word (tfidf)
did know,-0.5608029620422937,word (tfidf)
die,0.1798625977857179,word (tfidf)
died,-0.6049986478116792,word (tfidf)
dies,0.4919476139467114,word (tfidf)
diet,0.4335676228027902,word (tfidf)
difference,0.40740150442878326,word (tfidf)
different,0.7155156988441691,word (tfidf)
difficult,0.6757082644504001,word (tfidf)
digital,-1.1414302225191855,word (tfidf)
dinner,0.5777674801537576,word (tfidf)
direct,-0.29754418477989464,word (tfidf)
directly,0.9086251744282469,word (tfidf)
director,-0.262238833724642,word (tfidf)
dirty,-0.17547064033932824,word (tfidf)
disabled,0.6038985592182591,word (tfidf)
disappointed,2.184145804275208,word (tfidf)
disaster,-1.1324817706508592,word (tfidf)
discover,1.6257834713551884,word (tfidf)
discovered,-0.4259825388781427,word (tfidf)
discrimination,-1.2354825157472418,word (tfidf)
discuss,-0.07322147537810633,word (tfidf)
disease,-0.10744960268688293,word (tfidf)
disgusting,0.6034422815110088,word (tfidf)
disney,0.6428465172428562,word (tfidf)
disorder,-0.529569231821947,word (tfidf)
ditch,-0.11163567784956693,word (tfidf)
diversity,-0.2624590108718049,word (tfidf)
divorce,-0.39177971193094213,word (tfidf)
divorced,0.42852696710686994,word (tfidf)
dnc,1.0446567115924719,word (tfidf)
doctor,1.0056276303539948,word (tfidf)
doctors,0.5071046058200626,word (tfidf)
documentary,0.29822211786677066,word (tfidf)
documents,-1.009187411354419,word (tfidf)
does,0.37113756283735694,word (tfidf)
does want,0.44591639363215235,word (tfidf)
dog,-0.5642333616180926,word (tfidf)
dogs,-0.6829512802693353,word (tfidf)
doing,0.9793887675398025,word (tfidf)
dollar,1.0368908647646922,word (tfidf)
domestic,-1.7853291605973192,word (tfidf)
domestic violence,-1.321248668043647,word (tfidf)
don,-0.4364523705890686,word (tfidf)
donald,-2.9323513062640316,word (tfidf)
donald trump,-2.9857773992885024,word (tfidf)
donors,-0.3241430579675786,word (tfidf)
door,0.10037801794385973,word (tfidf)
double,0.3724644983171825,word (tfidf)
dozens,0.6664346494444959,word (tfidf)
dr,-0.6583827933274209,word (tfidf)
drag,-1.7276429275368839,word (tfidf)
drag race,-0.700056240418085,word (tfidf)
drake,-2.0255241570524465,word (tfidf)
drama,-0.31139743163529937,word (tfidf)
drawer,1.7537415368272489,word (tfidf)
drawing,0.8826688841787292,word (tfidf)
dream,0.43755837317650725,word (tfidf)
dreamers,-1.4774818214305698,word (tfidf)
dreams,0.9997193028619029,word (tfidf)
dress,-0.4422780978582658,word (tfidf)
dressed,0.15323224275723513,word (tfidf)
drink,-0.8249793578209607,word (tfidf)
drinking,0.42850273597886074,word (tfidf)
drive,0.38690171580236177,word (tfidf)
driver,1.9390813584353568,word (tfidf)
drivers,-1.502190084988822,word (tfidf)
driving,-1.3502643444040177,word (tfidf)
drone,1.579564668290898,word (tfidf)
drop,0.6328267064246239,word (tfidf)
dropped,0.04596289113274135,word (tfidf)
drops,-0.2824114933674073,word (tfidf)
drug,-0.8103459245748347,word (tfidf)
drugs,0.016894302871145742,word (tfidf)
drunk,-0.23658423646585064,word (tfidf)
dumb,-0.09533644090526183,word (tfidf)
dunham,-0.4605786098738217,word (tfidf)
duty,0.4519763170800013,word (tfidf)
dvd,2.150312008847256,word (tfidf)
dying,-0.7667933021162676,word (tfidf)
early,0.8716016311775951,word (tfidf)
earth,0.8946341884851808,word (tfidf)
earthquake,0.2835171245644386,word (tfidf)
easier,-0.7128860451785393,word (tfidf)
east,0.812306050922083,word (tfidf)
easter,-1.4490596034186776,word (tfidf)
easy,-0.9048487279210715,word (tfidf)
eat,-0.33591024155013316,word (tfidf)
eating,0.04617433525672678,word (tfidf)
eats,0.884860641200687,word (tfidf)
ebola,-2.089775282521275,word (tfidf)
economic,0.45271632177976073,word (tfidf)
economy,-0.02714753898596149,word (tfidf)
ed,0.05040985949719085,word (tfidf)
edge,0.740082470417451,word (tfidf)
edition,1.055317737603313,word (tfidf)
editor,0.5505874120275831,word (tfidf)
education,-1.8522679524110843,word (tfidf)
effective,-0.4299759904069415,word (tfidf)
effects,-0.7363576492081388,word (tfidf)
effort,-0.044552294849317914,word (tfidf)
egg,-0.6015200216172158,word (tfidf)
elderly,1.9820782481541144,word (tfidf)
elected,0.462353648462463,word (tfidf)
election,-0.913549935123459,word (tfidf)
elections,-1.778559913744335,word (tfidf)
electric,-0.44106692323742336,word (tfidf)
elizabeth,1.2883266938192186,word (tfidf)
elizabeth warren,-0.8695727668637021,word (tfidf)
ellen,-0.7830442207843562,word (tfidf)
elon,-0.017683625547665976,word (tfidf)
email,-1.5197847007710068,word (tfidf)
emails,-1.3792026340532524,word (tfidf)
embarrassed,1.6049412428650867,word (tfidf)
embarrassing,0.05596618213468911,word (tfidf)
emergency,0.3889354486572554,word (tfidf)
emotional,-0.3936283925873782,word (tfidf)
employee,2.231288183110948,word (tfidf)
employees,2.3663032539527102,word (tfidf)
encouraging,1.204602700674956,word (tfidf)
end,-0.2625734049907349,word (tfidf)
endangered,-1.8556520066650075,word (tfidf)
ending,-0.2919548853921959,word (tfidf)
endorsement,-0.5314303200892152,word (tfidf)
endorses,0.7982697484443487,word (tfidf)
ends,0.9207683311961168,word (tfidf)
energy,0.2546411632873937,word (tfidf)
engagement,-0.9361340179062522,word (tfidf)
english,0.9904963975738283,word (tfidf)
enjoy,1.0661523938448083,word (tfidf)
enjoying,1.1174854693597238,word (tfidf)
enjoys,1.4147136279449706,word (tfidf)
enter,-0.5129563514011096,word (tfidf)
enters,0.8932060192032996,word (tfidf)
entertainment,1.6993019781659007,word (tfidf)
entire,2.402938746786587,word (tfidf)
entirely,1.3097909461127297,word (tfidf)
environment,0.02289784180829067,word (tfidf)
epa,0.3159026040271819,word (tfidf)
epic,-1.8751986422711024,word (tfidf)
epidemic,-0.8892923692553925,word (tfidf)
episode,2.851404636961657,word (tfidf)
equal,-0.24026205610694557,word (tfidf)
equality,-1.2814062003780535,word (tfidf)
era,-0.7880376784461126,word (tfidf)
eric,1.5948218730106123,word (tfidf)
eric trump,2.307245945262306,word (tfidf)
escape,-0.7467524930291796,word (tfidf)
essay,0.2102885035941305,word (tfidf)
estate,1.089124972088703,word (tfidf)
ethics,-1.1249755518426363,word (tfidf)
eu,-1.2101744178304437,word (tfidf)
europe,-1.4077191604391555,word (tfidf)
eve,0.07081198769071353,word (tfidf)
event,-0.5856316017909659,word (tfidf)
evidence,1.5038856872891546,word (tfidf)
ex,-0.5219485258145712,word (tfidf)
exactly,1.5793006111765648,word (tfidf)
exchange,1.6956259767615007,word (tfidf)
excited,3.3029723412144967,word (tfidf)
exclusive,0.1770126443883844,word (tfidf)
execution,-0.6653312371836959,word (tfidf)
executive,1.1807295801185391,word (tfidf)
exercise,-0.5759554616991064,word (tfidf)
exhausted,1.7934640734398315,word (tfidf)
exhibit,0.5911247691631929,word (tfidf)
exist,0.8507382238679242,word (tfidf)
exit,-0.6184860528548514,word (tfidf)
expect,-1.46170970902938,word (tfidf)
expected,1.0483064840314935,word (tfidf)
expecting,-0.7423100804875418,word (tfidf)
expensive,0.48377096593970786,word (tfidf)
experience,1.2181698003649941,word (tfidf)
experiment,-0.22212210101633492,word (tfidf)
expert,0.12054375914877315,word (tfidf)
experts,1.944084273058014,word (tfidf)
explain,-0.15494186913981547,word (tfidf)
explains,-0.872330429760015,word (tfidf)
explosion,-0.1422901401164438,word (tfidf)
extra,0.39123564578785586,word (tfidf)
extremely,1.4930734817228215,word (tfidf)
eye,0.30062488813164695,word (tfidf)
eyed,1.5646209020741075,word (tfidf)
eyes,1.954903559329382,word (tfidf)
face,0.12173790426901444,word (tfidf)
facebook,-0.791175291795808,word (tfidf)
faces,-0.7896200477523316,word (tfidf)
fact,0.41927647806191487,word (tfidf)
factory,1.1275733358214266,word (tfidf)
facts,-1.7323865535168912,word (tfidf)
fail,-0.938268624157312,word (tfidf)
failed,0.7147158332553912,word (tfidf)
failing,-0.29700038108832444,word (tfidf)
fails,0.6718489510215749,word (tfidf)
failure,-0.5256942329100497,word (tfidf)
fair,-0.5122907277256201,word (tfidf)
faith,-1.4487440329902253,word (tfidf)
fake,-2.2603415474269086,word (tfidf)
fall,-0.8854299934233044,word (tfidf)
falling,1.0266649020697338,word (tfidf)
fallon,-1.1375591384803774,word (tfidf)
falls,0.07536964690322634,word (tfidf)
false,-0.4140804970506107,word (tfidf)
fame,0.7208517617634123,word (tfidf)
families,-1.7895834293509902,word (tfidf)
family,1.3898845657366627,word (tfidf)
famous,0.15486653920766016,word (tfidf)
fan,1.8829891259133753,word (tfidf)
fans,0.09515190721776329,word (tfidf)
fantasy,0.7065368182171876,word (tfidf)
far,0.22325192420864193,word (tfidf)
farm,0.29861421901185814,word (tfidf)
fashion,-1.6514794327078126,word (tfidf)
fast,0.38534896757641585,word (tfidf)
fat,0.17460122600372835,word (tfidf)
father,1.250251999172328,word (tfidf)
father day,-0.049950598504922505,word (tfidf)
favor,0.38084748663865464,word (tfidf)
favorite,0.007799539367994085,word (tfidf)
fbi,1.0114072501963873,word (tfidf)
fcc,0.8841480850334534,word (tfidf)
fda,1.0941269450032975,word (tfidf)
fear,-0.6484201256593188,word (tfidf)
fears,-0.860049678704174,word (tfidf)
feature,1.7287941043759776,word (tfidf)
features,1.1342790093350745,word (tfidf)
february,-0.5186788727957831,word (tfidf)
fed,0.4126442334149315,word (tfidf)
federal,-0.3724149701864011,word (tfidf)
feel,-0.07550061494740894,word (tfidf)
feeling,1.68216763026674,word (tfidf)
feelings,-0.30544124394008065,word (tfidf)
feels,1.8081569202376193,word (tfidf)
feels like,0.648452962366985,word (tfidf)
feet,1.0996594125942487,word (tfidf)
female,-1.0534297577751512,word (tfidf)
feminist,-1.7496559534228258,word (tfidf)
ferguson,-1.7302049175671532,word (tfidf)
festival,-1.330364612201809,word (tfidf)
field,-0.008071634076724529,word (tfidf)
fifth,1.061384429362167,word (tfidf)
fight,-1.1203826552875698,word (tfidf)
fighting,-0.8339982249688689,word (tfidf)
figure,1.3934408250334693,word (tfidf)
figures,1.4280733864698207,word (tfidf)
files,0.6834685626827158,word (tfidf)
filled,1.4617092149434618,word (tfidf)
film,1.1367416262313432,word (tfidf)
films,1.2066026959120406,word (tfidf)
final,0.11401718216369212,word (tfidf)
finale,0.735430000640841,word (tfidf)
finally,1.638727617375294,word (tfidf)
financial,-0.2581103321110287,word (tfidf)
finding,-1.0322034407939409,word (tfidf)
finds,0.4368589992833219,word (tfidf)
fine,0.9054079341315721,word (tfidf)
finger,0.7724699193606972,word (tfidf)
finish,0.7936224154916941,word (tfidf)
fired,-1.4590382552362373,word (tfidf)
fires,0.08281976368539909,word (tfidf)
firing,-0.8685833257246259,word (tfidf)
fish,1.1086795756504928,word (tfidf)
fit,-0.05969193162655308,word (tfidf)
fitness,-0.512712423348534,word (tfidf)
fix,-0.8231474999019649,word (tfidf)
flag,1.2107179604484681,word (tfidf)
flavor,0.05504672766979192,word (tfidf)
flight,0.14738475649997562,word (tfidf)
flip,-0.6141890316850032,word (tfidf)
floor,1.5845913722522562,word (tfidf)
florida,-0.9878933870930481,word (tfidf)
flu,0.9289891546525703,word (tfidf)
fly,0.9855686120172601,word (tfidf)
flying,0.16890988749760352,word (tfidf)
focus,0.09701055259279111,word (tfidf)
follow,0.9421483712860943,word (tfidf)
following,0.5133850529013314,word (tfidf)
food,-0.016495106542553577,word (tfidf)
foot,0.49974009449884926,word (tfidf)
footage,1.0781311097544386,word (tfidf)
football,-0.8642903468058387,word (tfidf)
force,0.4385746915514698,word (tfidf)
forced,3.1199492665969095,word (tfidf)
forces,1.213288328355943,word (tfidf)
ford,1.5859973899312891,word (tfidf)
foreign,-1.076497850261996,word (tfidf)
foreign policy,-0.6810814597590897,word (tfidf)
forever,1.0058049379744793,word (tfidf)
forget,-0.44664967716786463,word (tfidf)
forgot,0.9706753062050788,word (tfidf)
forgotten,-0.8385968952210737,word (tfidf)
form,0.4362456074709454,word (tfidf)
forward,0.9385285012423676,word (tfidf)
foundation,0.09222561451171465,word (tfidf)
founder,-1.0727621664680693,word (tfidf)
fourth,0.644388034056873,word (tfidf)
fox,0.19726849866308954,word (tfidf)
fox news,-0.43465757312233644,word (tfidf)
france,-2.364528629875155,word (tfidf)
francis,0.4925710261494637,word (tfidf)
francisco,-0.36754033170420314,word (tfidf)
frantically,1.9741078066773636,word (tfidf)
fraud,-2.4642141135429547,word (tfidf)
freak,-0.45150772416229434,word (tfidf)
freaking,-0.17972350744988563,word (tfidf)
free,-0.3195600684128391,word (tfidf)
freedom,-1.4515155991422939,word (tfidf)
french,-0.7729708109167452,word (tfidf)
fresh,0.2970155184785643,word (tfidf)
freshman,1.136106049549122,word (tfidf)
friday,-0.7130260154296056,word (tfidf)
friday morning,-0.54187113700268,word (tfidf)
friend,2.562438128073273,word (tfidf)
friendly,-0.08091531268070666,word (tfidf)
friends,2.450612808688185,word (tfidf)
friendship,0.059749961808316744,word (tfidf)
frozen,-2.136150300046963,word (tfidf)
fruit,0.9704889782796157,word (tfidf)
frustrated,2.0267856613884825,word (tfidf)
fuck,3.839407166274904,word (tfidf)
fucking,4.657295522911146,word (tfidf)
fully,1.7088849356735338,word (tfidf)
fun,0.741360876712266,word (tfidf)
fund,1.019463696828928,word (tfidf)
funding,-0.26244436042883734,word (tfidf)
fundraising,0.04254690042891164,word (tfidf)
funds,1.2101918056401135,word (tfidf)
funeral,1.3899614702329115,word (tfidf)
funniest,-1.1187099237437645,word (tfidf)
funniest tweets,-0.7396080981368502,word (tfidf)
funny,0.3714710341827482,word (tfidf)
furious,1.8126289472574988,word (tfidf)
future,-0.5253446928055993,word (tfidf)
gaga,-1.1646222042967451,word (tfidf)
gala,-0.3194031816312019,word (tfidf)
game,0.004526912606095588,word (tfidf)
game thrones,0.5817052782431064,word (tfidf)
games,0.4674626662772058,word (tfidf)
gap,-1.1067652231363092,word (tfidf)
garden,0.7151881839057983,word (tfidf)
gas,0.44486881472612716,word (tfidf)
gates,1.4677334597783633,word (tfidf)
gather,1.2383941309190099,word (tfidf)
gave,-2.3555734177408745,word (tfidf)
gay,-1.1772568484437833,word (tfidf)
gay marriage,0.40621762279623014,word (tfidf)
gay men,-0.8961462443038152,word (tfidf)
gaza,-0.6436140165064875,word (tfidf)
gender,-1.0276979336104446,word (tfidf)
general,1.5035665718305622,word (tfidf)
generation,-0.7590621246105609,word (tfidf)
genius,-1.0530334736296898,word (tfidf)
george,0.9638440079935848,word (tfidf)
george bush,-1.1841874439392026,word (tfidf)
georgia,-1.000010739908589,word (tfidf)
german,0.4241596523400311,word (tfidf)
gets,0.05397184295598759,word (tfidf)
getting,0.19181334136842593,word (tfidf)
ghost,0.7335820093629665,word (tfidf)
giant,0.9188784954804496,word (tfidf)
gift,-0.14212182384491132,word (tfidf)
gifts,-1.5254582590002905,word (tfidf)
gilmore,-0.4503884745830699,word (tfidf)
gingrich,1.4245146869183363,word (tfidf)
girl,-1.082155234049197,word (tfidf)
girlfriend,1.5510196637478388,word (tfidf)
girls,-1.7758661479739037,word (tfidf)
giuliani,1.5737368983076228,word (tfidf)
given,2.141915794100086,word (tfidf)
gives,-0.44625545697019536,word (tfidf)
giving,-1.1417462157785403,word (tfidf)
glad,2.096844109456487,word (tfidf)
glass,1.1629918748698256,word (tfidf)
glasses,0.35109998879807314,word (tfidf)
glimpse,0.5389993431197221,word (tfidf)
global,-1.669239795358418,word (tfidf)
globes,-0.7745469162518522,word (tfidf)
god,3.298701158432125,word (tfidf)
goddamn,2.4161738653520053,word (tfidf)
goes,0.07701582828817749,word (tfidf)
going,1.7209217198027085,word (tfidf)
gold,-1.375685495911091,word (tfidf)
golden,0.7077464855489146,word (tfidf)
golden globes,-0.6477642242773417,word (tfidf)
golf,-0.6505699062220026,word (tfidf)
gone,0.7666483112817893,word (tfidf)
good,1.4355060872644607,word (tfidf)
goodbye,-1.7519743024026098,word (tfidf)
google,-0.8902449170339911,word (tfidf)
gop,-1.6214251794520176,word (tfidf)
gop congressman,-1.6343795039818445,word (tfidf)
gore,1.1383320170267734,word (tfidf)
gorgeous,-1.5572114163975246,word (tfidf)
gorsuch,-0.566651080768013,word (tfidf)
got,-0.2612674174076815,word (tfidf)
gov,-1.017231410635646,word (tfidf)
government,0.2075330265493655,word (tfidf)
governor,0.008277327680062218,word (tfidf)
gps,-1.4256562817225484,word (tfidf)
gps guide,-1.0917036866403673,word (tfidf)
grace,-0.11353499254607788,word (tfidf)
grade,2.2968031298973774,word (tfidf)
grader,2.0916426218475332,word (tfidf)
graduates,-0.2089321367469314,word (tfidf)
graham,-0.9667026945305531,word (tfidf)
grammys,0.1447304142950547,word (tfidf)
grand,-0.7650191604944627,word (tfidf)
grandfather,1.9218937217295324,word (tfidf)
grandma,1.496576646135749,word (tfidf)
grandmother,1.832520904544958,word (tfidf)
grateful,0.5143930725171795,word (tfidf)
grave,1.2475348712336791,word (tfidf)
great,0.1760138340139374,word (tfidf)
greatest,0.3855385266959716,word (tfidf)
greece,-1.7099785185037932,word (tfidf)
green,0.1059982566917915,word (tfidf)
gross,-1.0391317044671862,word (tfidf)
ground,0.4288593214985105,word (tfidf)
group,0.934090439431087,word (tfidf)
groups,-0.6469808799123483,word (tfidf)
grow,0.2258960015207524,word (tfidf)
growing,-1.2335763306226364,word (tfidf)
grown,-0.8480127728983345,word (tfidf)
guard,0.9339455042006598,word (tfidf)
guest,1.3229879215724436,word (tfidf)
guests,1.82281634204723,word (tfidf)
guide,-2.3028912004098614,word (tfidf)
guilty,-0.16938514698971216,word (tfidf)
gun,-1.6719720466969843,word (tfidf)
gun control,-0.5841280458299517,word (tfidf)
gun violence,-0.9797896858112528,word (tfidf)
gunman,0.5194152930606005,word (tfidf)
guns,-0.9850773674698288,word (tfidf)
guy,3.634923728503093,word (tfidf)
guys,0.14259652046285762,word (tfidf)
gym,1.0822186760793298,word (tfidf)
habits,-1.9517247121680812,word (tfidf)
hackers,-1.3993993970282435,word (tfidf)
hair,0.8817463053904984,word (tfidf)
half,1.240139326035392,word (tfidf)
hall,1.3273832707245863,word (tfidf)
halloween,-1.9615759405680393,word (tfidf)
hamilton,-0.9283322766840806,word (tfidf)
hampshire,-0.21207260423855753,word (tfidf)
hand,2.2303231731597326,word (tfidf)
handle,-0.0008031645662253882,word (tfidf)
hands,2.332454089243247,word (tfidf)
happen,-0.19738649471750533,word (tfidf)
happened,-0.6819040711869813,word (tfidf)
happens,-0.8290982867391603,word (tfidf)
happiness,-2.2038657721867962,word (tfidf)
happy,-0.5849252833385447,word (tfidf)
harassment,-0.6349589878407316,word (tfidf)
hard,0.49430741280431034,word (tfidf)
harder,-0.8469188208738516,word (tfidf)
harry,-0.16309085755174868,word (tfidf)
harry potter,-0.398993268093065,word (tfidf)
harvey,-3.2555213449098255,word (tfidf)
harvey weinstein,-0.5423734452720518,word (tfidf)
hat,0.11816551203558608,word (tfidf)
hate,-1.6090957653367242,word (tfidf)
hates,0.31647193469413976,word (tfidf)
having,0.5795401579871094,word (tfidf)
hawaii,-2.9998485147804295,word (tfidf)
head,0.9104434871383557,word (tfidf)
headquarters,1.5547251168572354,word (tfidf)
heads,-0.3691110201747827,word (tfidf)
health,-2.753904730983699,word (tfidf)
health care,-1.0682463605840395,word (tfidf)
healthcare,0.5153138446074158,word (tfidf)
healthy,-0.8080783923682953,word (tfidf)
hear,0.09058381738618242,word (tfidf)
heard,-0.8026466460930355,word (tfidf)
hearing,1.0479870345503532,word (tfidf)
heart,0.062295987353223996,word (tfidf)
heartbreaking,0.5340100077119367,word (tfidf)
heat,0.6740955537607002,word (tfidf)
heaven,1.3509929866938268,word (tfidf)
held,-0.26618208805432697,word (tfidf)
hell,0.008824911461195954,word (tfidf)
help,-1.468674937457584,word (tfidf)
helped,-2.238192661509917,word (tfidf)
helping,-1.6191561702182147,word (tfidf)
helps,-1.0988750599562562,word (tfidf)
hero,0.4618846582521776,word (tfidf)
heroes,-0.9576657846438974,word (tfidf)
heroin,-0.18980700978280843,word (tfidf)
hide,0.1119458085554142,word (tfidf)
high,1.434084086956685,word (tfidf)
high school,-0.9007101770628106,word (tfidf)
higher,-1.520234255488913,word (tfidf)
highly,1.0409432081488446,word (tfidf)
highway,-0.2664311708361936,word (tfidf)
hilarious,-0.981984830053712,word (tfidf)
hill,-1.4221825229755132,word (tfidf)
hillary,-1.713787052238912,word (tfidf)
hillary clinton,-1.7386413065385542,word (tfidf)
hints,-0.23413932818848004,word (tfidf)
hires,0.14598696953519769,word (tfidf)
hiring,-1.0299528604562895,word (tfidf)
historic,-0.9520253453083908,word (tfidf)
historical,1.6137614325219038,word (tfidf)
historical archives,2.167392806964809,word (tfidf)
history,-0.8265195539126219,word (tfidf)
hit,1.0918051536624827,word (tfidf)
hits,-1.0185816936494718,word (tfidf)
hitting,0.6333614336487868,word (tfidf)
hiv,-1.4950451032178973,word (tfidf)
hold,-0.22976787952662758,word (tfidf)
holding,-0.11843804457564708,word (tfidf)
holds,0.6841268543097566,word (tfidf)
hole,-0.2513174403776319,word (tfidf)
holiday,-2.3339709224461873,word (tfidf)
holidays,-1.3595031926189343,word (tfidf)
hollywood,-1.6108277525398988,word (tfidf)
holy,0.1476066972205129,word (tfidf)
home,-0.1785966759052657,word (tfidf)
homeless,-1.682152845345709,word (tfidf)
homes,-1.2704675328668984,word (tfidf)
hometown,0.2877195932975773,word (tfidf)
honor,0.2405320102099597,word (tfidf)
honored,0.7086015660194029,word (tfidf)
honors,2.575177455619315,word (tfidf)
hope,0.253733345911456,word (tfidf)
hopes,0.7407069516078136,word (tfidf)
hoping,2.842862061816801,word (tfidf)
horrible,0.3998746888158862,word (tfidf)
horrified,2.3867457855704433,word (tfidf)
horrifying,0.7364376566673414,word (tfidf)
horror,-2.0934602397100863,word (tfidf)
horse,0.9692626263679697,word (tfidf)
hospital,-1.1550497005326623,word (tfidf)
host,0.6393587431937553,word (tfidf)
hosts,-0.12794886637916666,word (tfidf)
hot,0.5193099674630386,word (tfidf)
hotel,-0.5521086481703744,word (tfidf)
hour,0.6941685014288569,word (tfidf)
hours,2.82125461486297,word (tfidf)
house,0.7964582077111892,word (tfidf)
howard,-0.6690893504279449,word (tfidf)
huckabee,0.9173502634152587,word (tfidf)
huckabee sanders,0.8757395865986612,word (tfidf)
huffpollster,-1.6076406770638152,word (tfidf)
huffpost,-2.3766363342711494,word (tfidf)
huffpost hill,-0.8907505102338747,word (tfidf)
huffpost rise,-0.4165292724260238,word (tfidf)
huge,0.8445120967519909,word (tfidf)
human,0.9168219156549602,word (tfidf)
human rights,-0.3128021224482198,word (tfidf)
humanity,1.024883554376851,word (tfidf)
humans,1.0136145736265636,word (tfidf)
hundreds,0.45141389461133624,word (tfidf)
hunger,-0.40820208890325577,word (tfidf)
hunt,-0.06354100225631956,word (tfidf)
hurricane,0.9987855765916711,word (tfidf)
hurt,-0.7373007570943033,word (tfidf)
husband,0.5768113477841781,word (tfidf)
hypocrisy,-1.7539140771988841,word (tfidf)
ice,1.316202849674317,word (tfidf)
ice cream,-0.12964914577712652,word (tfidf)
iconic,-2.033984380964764,word (tfidf)
idea,1.444374302468688,word (tfidf)
ideas,-1.2598117179956618,word (tfidf)
identity,-1.3589797383020128,word (tfidf)
idiot,1.0849304737557226,word (tfidf)
ii,0.17667939754096362,word (tfidf)
ill,1.0860219066503662,word (tfidf)
illegal,0.1476694086440983,word (tfidf)
illinois,0.2762609123511655,word (tfidf)
illness,-1.0369054029672036,word (tfidf)
image,1.178492953065609,word (tfidf)
images,-1.3536603083943202,word (tfidf)
imagine,0.4783146512900513,word (tfidf)
immediately,1.5267192389963369,word (tfidf)
immigrant,-0.32772049595486274,word (tfidf)
immigrants,-0.17107006514100281,word (tfidf)
immigration,-1.92408267403892,word (tfidf)
impact,-0.8229150263126802,word (tfidf)
importance,-1.4475138067419495,word (tfidf)
important,-1.031538290289675,word (tfidf)
impossible,-0.425397166148588,word (tfidf)
impressed,1.8794077420627684,word (tfidf)
impression,0.2932107121134106,word (tfidf)
improve,-0.7835776129081717,word (tfidf)
inauguration,-1.0056215464308655,word (tfidf)
incident,-0.03193258684429503,word (tfidf)
income,0.2995152770190679,word (tfidf)
increase,1.1801231243552637,word (tfidf)
increases,1.0296586007454973,word (tfidf)
increasingly,0.1485176269226826,word (tfidf)
incredible,-0.5292851129689876,word (tfidf)
independence,-2.5103678332363684,word (tfidf)
independent,0.19835569381270113,word (tfidf)
india,0.0018695771100680834,word (tfidf)
indian,0.23714316908421265,word (tfidf)
industry,-0.12917807381528362,word (tfidf)
inequality,-0.9892077645794576,word (tfidf)
information,-0.17362797396212046,word (tfidf)
injured,-0.7329709865506971,word (tfidf)
inmate,-0.8661229080735106,word (tfidf)
inmates,-0.26200091386035396,word (tfidf)
inner,-0.5287381255639798,word (tfidf)
insane,-0.4523966703165612,word (tfidf)
inside,1.4306019034482644,word (tfidf)
insists,1.6719611058097086,word (tfidf)
inspired,-0.2538549043721229,word (tfidf)
inspires,1.0474772084329114,word (tfidf)
inspiring,-0.9801245311049213,word (tfidf)
instagram,-2.7475404045871428,word (tfidf)
instead,-0.17763744337937495,word (tfidf)
insurance,2.1496958973626477,word (tfidf)
intelligence,-0.307607302088701,word (tfidf)
intended,1.7288348166102994,word (tfidf)
interior,0.2269789018350492,word (tfidf)
international,-0.7323963375253171,word (tfidf)
internet,-0.11378912924789301,word (tfidf)
interview,-1.2321041441107201,word (tfidf)
introduces,4.145690293290287,word (tfidf)
introduces new,1.6697231197965203,word (tfidf)
investigation,0.4557573186824546,word (tfidf)
iowa,0.3132673502601702,word (tfidf)
iphone,-0.9376772855443822,word (tfidf)
iran,-0.32451144146170063,word (tfidf)
iranian,-0.9486975732748995,word (tfidf)
iraq,-0.2859031497692323,word (tfidf)
iraqi,-0.7754149540080323,word (tfidf)
isis,-1.51462481521734,word (tfidf)
islamic,-1.3504597768603772,word (tfidf)
island,-0.27204408431564725,word (tfidf)
israel,-0.7008529208301837,word (tfidf)
israeli,-0.3794048362519541,word (tfidf)
issue,0.2530916040600947,word (tfidf)
issues,1.542617737358353,word (tfidf)
italian,0.1070651666957321,word (tfidf)
italy,0.3987128647420418,word (tfidf)
items,0.3071856480308811,word (tfidf)
ivanka,-0.30133186147473123,word (tfidf)
ivanka trump,-1.063569761973831,word (tfidf)
jack,0.7276929387763166,word (tfidf)
jackson,0.38546802851724427,word (tfidf)
jail,-1.603978094419705,word (tfidf)
james,0.1362835082562333,word (tfidf)
james comey,-0.4126567478418126,word (tfidf)
james corden,-1.4132816175598149,word (tfidf)
january,-1.699932859221864,word (tfidf)
japan,0.1507384315469895,word (tfidf)
japanese,0.4194200621028026,word (tfidf)
jared,0.837516967987824,word (tfidf)
jared kushner,0.5488218035918724,word (tfidf)
jason,-0.5784724898665644,word (tfidf)
jay,1.2371924296732812,word (tfidf)
jeb,-0.2626999245881496,word (tfidf)
jeb bush,-0.4778854498886491,word (tfidf)
jeff,1.1845836434340926,word (tfidf)
jeff sessions,-0.8138649612194405,word (tfidf)
jenner,-2.8865195148787532,word (tfidf)
jennifer,-0.6059782716037035,word (tfidf)
jerry,-0.28776060610531434,word (tfidf)
jersey,0.7028150328548405,word (tfidf)
jessica,0.23795791715115203,word (tfidf)
jesus,0.9633807632971517,word (tfidf)
jewish,0.06658294556548752,word (tfidf)
jim,1.3412958828992183,word (tfidf)
jimmy,-0.27619032935123133,word (tfidf)
jimmy fallon,-1.1375591384803774,word (tfidf)
jimmy kimmel,-0.930525118656396,word (tfidf)
job,1.1095115410149825,word (tfidf)
jobs,0.10197840029978732,word (tfidf)
joe,0.29648079593594295,word (tfidf)
joe biden,-1.8783112248723277,word (tfidf)
john,1.7273938888203237,word (tfidf)
john boehner,-0.05097853136160832,word (tfidf)
john kelly,1.2198357561853346,word (tfidf)
john kerry,0.7017719934013933,word (tfidf)
john mccain,0.3244382231265871,word (tfidf)
johnson,-0.3637089328979433,word (tfidf)
join,-1.729506407111671,word (tfidf)
joins,0.017697615703489943,word (tfidf)
joke,0.9148907496765161,word (tfidf)
jokes,0.10949757424367361,word (tfidf)
jon,-0.7300891359818433,word (tfidf)
jones,0.8282211373074563,word (tfidf)
jong,1.402280122037833,word (tfidf)
jordan,-0.48576259271483374,word (tfidf)
journal,0.6239317752286438,word (tfidf)
journalist,0.09636074940160962,word (tfidf)
journalists,-1.0775950467392945,word (tfidf)
journey,0.1253512206377492,word (tfidf)
joy,-0.16294558323028352,word (tfidf)
jr,1.829410789386821,word (tfidf)
judge,-0.5724870554106007,word (tfidf)
july,-0.37110352091747906,word (tfidf)
jump,0.04171371803855389,word (tfidf)
jury,0.38050530558077467,word (tfidf)
just,1.899123785640094,word (tfidf)
just going,1.166965904445768,word (tfidf)
just got,-1.2910700188990787,word (tfidf)
just like,0.46868243757701106,word (tfidf)
just wants,0.738604481924674,word (tfidf)
justice,-0.40902595832611083,word (tfidf)
justin,-0.09980182482665481,word (tfidf)
kaine,1.2561980085817235,word (tfidf)
kansas,-0.7234819951623689,word (tfidf)
kanye,-0.4273096366422579,word (tfidf)
kanye west,0.4713288899172266,word (tfidf)
kardashian,-2.4945408117043346,word (tfidf)
kasich,-0.42853323328037135,word (tfidf)
kate,-0.4902140172250051,word (tfidf)
kavanaugh,3.9522504805992416,word (tfidf)
keeping,-0.010104292684584196,word (tfidf)
keeps,1.1063221751876198,word (tfidf)
kelly,-0.2020450602978913,word (tfidf)
kennedy,1.1414484511526548,word (tfidf)
kentucky,-1.7756947484989667,word (tfidf)
kept,-1.6010546495612827,word (tfidf)
kerry,0.8554680764695977,word (tfidf)
kevin,0.022253051660811672,word (tfidf)
key,-1.7145604171992017,word (tfidf)
kfc,0.8143833025079693,word (tfidf)
kick,0.38167640809317877,word (tfidf)
kid,0.37795992484104657,word (tfidf)
kids,-2.2802666100128466,word (tfidf)
kill,0.2521112406021413,word (tfidf)
killed,-0.302710259443154,word (tfidf)
killer,0.5893134652111344,word (tfidf)
killing,-0.6225515061324084,word (tfidf)
kills,-1.1968641111555012,word (tfidf)
kim,-0.27986123531264684,word (tfidf)
kim jong,1.402280122037833,word (tfidf)
kim kardashian,-1.2190730055754613,word (tfidf)
kimmel,-1.0623221386968578,word (tfidf)
kind,1.7906817809218696,word (tfidf)
king,0.8805406017784555,word (tfidf)
kitchen,0.6516975718646529,word (tfidf)
knew,0.40465968399505947,word (tfidf)
knife,0.7416902642469798,word (tfidf)
know,-0.09194799537057353,word (tfidf)
knowing,-0.08739819752074607,word (tfidf)
knowledge,1.816322224065202,word (tfidf)
known,0.38173528334275947,word (tfidf)
knows,0.3197536313640236,word (tfidf)
korea,-0.6964189048641459,word (tfidf)
korean,0.1560764457030223,word (tfidf)
kushner,0.17715821030261283,word (tfidf)
kylie,-0.9825252128529597,word (tfidf)
kylie jenner,-0.9825252128529597,word (tfidf)
la,-0.34113145183774124,word (tfidf)
labor,-1.8697638498564129,word (tfidf)
lack,0.21804703095703984,word (tfidf)
laden,1.1180295049585933,word (tfidf)
lady,0.40652364382579775,word (tfidf)
lady gaga,-1.1646222042967451,word (tfidf)
laid,0.7499784826674208,word (tfidf)
lake,-0.47234080699010134,word (tfidf)
lamar,-0.5261838920455246,word (tfidf)
land,0.5210022913232668,word (tfidf)
lands,-0.8069434769184597,word (tfidf)
lane,0.8477036958356232,word (tfidf)
language,-0.1353967335411881,word (tfidf)
large,0.6286276560785946,word (tfidf)
largest,0.4221468866220937,word (tfidf)
larry,-0.02289797884027268,word (tfidf)
las,-0.7740908970885039,word (tfidf)
las vegas,-0.34590908366783013,word (tfidf)
late,0.5795740255640018,word (tfidf)
later,-0.5185293811153892,word (tfidf)
latest,0.3005350276322192,word (tfidf)
latino,-1.3035140812600483,word (tfidf)
latinos,-1.2577904760216363,word (tfidf)
laugh,0.8463615327631795,word (tfidf)
launch,-1.3448400342173932,word (tfidf)
launches,1.353858755129055,word (tfidf)
law,-0.4684209190001106,word (tfidf)
lawmaker,-2.0814259778661386,word (tfidf)
lawmakers,-0.23454367898431008,word (tfidf)
lawn,2.0056428255688337,word (tfidf)
laws,-0.5888789168315454,word (tfidf)
lawsuit,-1.6083315739568953,word (tfidf)
lawyer,-1.0542641153439978,word (tfidf)
lawyers,-0.040474392941697745,word (tfidf)
lazy,0.8191890524117924,word (tfidf)
lead,-0.862953973528049,word (tfidf)
leader,-0.48225105169474713,word (tfidf)
leaders,0.41559964944739103,word (tfidf)
leadership,-1.3932468330639975,word (tfidf)
leading,0.5760830237172868,word (tfidf)
leads,1.0108705653797585,word (tfidf)
league,0.3597538186898902,word (tfidf)
learn,-0.35742812910450844,word (tfidf)
learned,-1.5935567085688338,word (tfidf)
learning,-0.795272090961082,word (tfidf)
leave,-0.6441431449262125,word (tfidf)
leaves,0.5007462891699069,word (tfidf)
leaving,0.06683942341270029,word (tfidf)
led,-1.0163708676706935,word (tfidf)
lee,1.1408126041428073,word (tfidf)
left,0.8200064063604766,word (tfidf)
legacy,-0.5238778370283459,word (tfidf)
legal,-0.06172713522847292,word (tfidf)
legend,-0.7830754463561044,word (tfidf)
legislation,0.7666363224414161,word (tfidf)
lena,-0.5778628661259748,word (tfidf)
lena dunham,-0.4605786098738217,word (tfidf)
lesbian,-0.599851379798091,word (tfidf)
lessons,-2.300023745019148,word (tfidf)
let,-1.1156225831888422,word (tfidf)
letter,-0.88756536189421,word (tfidf)
letting,0.155327645453703,word (tfidf)
level,0.036982717570961846,word (tfidf)
lgbt,-3.1864800060845115,word (tfidf)
lgbtq,-3.243708324707369,word (tfidf)
liberty,-0.28175666339358807,word (tfidf)
lie,-0.02419691820831624,word (tfidf)
lies,-1.159441327994958,word (tfidf)
life,-0.32355836596534243,word (tfidf)
lifetime,-0.43019633728928547,word (tfidf)
light,0.41283163616726376,word (tfidf)
lights,0.542152436695018,word (tfidf)
like,0.40367046820861563,word (tfidf)
likely,-0.46106140346785435,word (tfidf)
likes,1.0282981800618274,word (tfidf)
line,1.3466718366540205,word (tfidf)
lines,0.8730824406660056,word (tfidf)
link,0.2534947432392348,word (tfidf)
linked,-2.5119333225479785,word (tfidf)
links,-0.801955029540855,word (tfidf)
list,1.2759463137637037,word (tfidf)
listen,-0.8840796711372052,word (tfidf)
listening,0.9092168184660415,word (tfidf)
literally,-1.7819179216371028,word (tfidf)
little,1.691650166487658,word (tfidf)
live,-0.7546032841874251,word (tfidf)
lives,-1.1687974017843907,word (tfidf)
living,0.3883661724044774,word (tfidf)
lobby,0.6932791713732425,word (tfidf)
local,3.592549188940192,word (tfidf)
local man,0.8623817804711138,word (tfidf)
locked,0.47961302841381015,word (tfidf)
london,-0.38674360346898506,word (tfidf)
lone,0.5839719350398156,word (tfidf)
long,1.2730639315907761,word (tfidf)
longer,1.6190202100512707,word (tfidf)
longtime,1.5151397522460524,word (tfidf)
look,-0.20659392835239024,word (tfidf)
look like,-0.4564510870775212,word (tfidf)
looked,0.1641069837537556,word (tfidf)
looking,0.9662231544359542,word (tfidf)
looks,-0.3523907280697651,word (tfidf)
looks like,-0.46073764768187175,word (tfidf)
loose,1.076493332563985,word (tfidf)
lord,-0.7075439316582396,word (tfidf)
los,-0.021691275401094584,word (tfidf)
los angeles,0.28421749732127255,word (tfidf)
lose,-1.6345085471642795,word (tfidf)
loser,1.9936291783047955,word (tfidf)
loses,1.3973836938227822,word (tfidf)
losing,-1.5460812490202689,word (tfidf)
loss,-1.2844445658393364,word (tfidf)
lost,-0.25144918481424844,word (tfidf)
lot,0.20278863142669676,word (tfidf)
lots,0.4881555765535436,word (tfidf)
lottery,0.811129349168811,word (tfidf)
loud,1.2077578314211816,word (tfidf)
louis,-0.6958667388117131,word (tfidf)
love,-1.7187707007314912,word (tfidf)
loved,0.25141615689523517,word (tfidf)
loves,0.6370152266154808,word (tfidf)
loving,-1.293114864594654,word (tfidf)
low,0.05199970078102966,word (tfidf)
lower,0.5907364913004675,word (tfidf)
lucky,-0.22880103641822172,word (tfidf)
lunch,0.5175750729871066,word (tfidf)
lying,1.185318758211387,word (tfidf)
machine,1.253727812451491,word (tfidf)
mad,0.5080575795293285,word (tfidf)
magazine,2.058202142381553,word (tfidf)
magic,-0.5842561559197427,word (tfidf)
magical,-0.7419648918071653,word (tfidf)
maher,-0.7490155768006507,word (tfidf)
mail,0.5049487662325017,word (tfidf)
major,-1.0611774780799301,word (tfidf)
majority,2.0001446658954762,word (tfidf)
majority americans,0.7786780500897317,word (tfidf)
make,-1.2364220564682062,word (tfidf)
makes,-0.35814129236180714,word (tfidf)
makeup,-0.6424605671967534,word (tfidf)
making,-1.0771981102231933,word (tfidf)
male,0.49821071389126365,word (tfidf)
mall,1.2087886368189753,word (tfidf)
man,4.4045537468011355,word (tfidf)
man just,0.8312541679903677,word (tfidf)
manafort,0.7012075964517556,word (tfidf)
manager,1.3925747368915726,word (tfidf)
map,0.024572714578410967,word (tfidf)
march,-0.8893304796696713,word (tfidf)
marco,-0.6087553906412424,word (tfidf)
marco rubio,-0.6087553906412424,word (tfidf)
marijuana,-1.7261674456499818,word (tfidf)
marine,1.5004282052885451,word (tfidf)
mark,-0.7145729101647547,word (tfidf)
mark zuckerberg,1.483101365700999,word (tfidf)
market,0.6140312378584277,word (tfidf)
marketing,0.16254964307165165,word (tfidf)
markle,0.2594500214120361,word (tfidf)
marriage,-0.2926950640775913,word (tfidf)
married,0.06736071695794216,word (tfidf)
mars,1.477918883826334,word (tfidf)
martin,-0.4442409748681053,word (tfidf)
marvel,-1.0204747449783762,word (tfidf)
mary,0.5415100092713042,word (tfidf)
mass,0.6956446787073558,word (tfidf)
mass shooting,0.6053437844361401,word (tfidf)
massive,-0.7747066104075363,word (tfidf)
match,0.7672771637006678,word (tfidf)
mate,0.9701938269862351,word (tfidf)
matt,0.8086417183766121,word (tfidf)
matter,-1.1947539091144885,word (tfidf)
matters,-0.9896101282071779,word (tfidf)
maybe,0.0011157796235153194,word (tfidf)
mayor,-0.7028538761936425,word (tfidf)
mccain,2.27494192071038,word (tfidf)
mcconnell,0.2189199093414807,word (tfidf)
mcdonald,0.38542507097947154,word (tfidf)
meal,1.0981006768361787,word (tfidf)
meals,0.7593464434590234,word (tfidf)
mean,-2.204578550338495,word (tfidf)
meaning,1.1492878897770475,word (tfidf)
means,-0.9930167901801807,word (tfidf)
meat,0.5857077624395147,word (tfidf)
media,0.12796139258802772,word (tfidf)
medical,-0.30942431076729804,word (tfidf)
medicine,-0.28486060558864035,word (tfidf)
meditation,-2.0810833098753037,word (tfidf)
meet,-1.82045887708944,word (tfidf)
meeting,0.7386480047479395,word (tfidf)
meets,-2.0574876946243728,word (tfidf)
meghan,0.06145208824728751,word (tfidf)
meghan markle,0.2594500214120361,word (tfidf)
melania,2.2634459189800555,word (tfidf)
melania trump,0.817896987459971,word (tfidf)
member,1.1197497123556517,word (tfidf)
members,0.5308275032533577,word (tfidf)
memoir,-0.05124771585770879,word (tfidf)
memorial,-0.41552752277467336,word (tfidf)
memory,0.9902083556607105,word (tfidf)
men,-1.6186325110280388,word (tfidf)
mental,-0.22251152640280072,word (tfidf)
mental health,-0.8574864494299754,word (tfidf)
mentally,1.1898313738164517,word (tfidf)
mess,-1.1666629276035059,word (tfidf)
message,-0.9623363100121808,word (tfidf)
met,-1.4161544742195429,word (tfidf)
mexican,0.13713890449212993,word (tfidf)
mexico,-0.017128854522252993,word (tfidf)
meyers,-1.277940612137815,word (tfidf)
miami,-0.01580435910223372,word (tfidf)
michael,0.44261544312310513,word (tfidf)
michael cohen,1.312722717622065,word (tfidf)
michelle,-0.5532666345608027,word (tfidf)
michelle obama,1.4899778640835477,word (tfidf)
michigan,-1.6994673554203181,word (tfidf)
microsoft,-0.7352883469817875,word (tfidf)
mid,0.2602071465832138,word (tfidf)
middle,1.3150205378664848,word (tfidf)
middle class,-1.0594713982430233,word (tfidf)
middle east,-0.010728735890981904,word (tfidf)
migrants,-1.7574354777923893,word (tfidf)
mike,0.11915488963162589,word (tfidf)
mike pence,0.5630474588533498,word (tfidf)
miles,-0.4991627024310556,word (tfidf)
military,-0.5474772127834908,word (tfidf)
milk,-0.12485253442907457,word (tfidf)
millennials,-1.703924487844934,word (tfidf)
miller,0.12048031719639646,word (tfidf)
million,0.9912682749269309,word (tfidf)
millions,0.30708670745737726,word (tfidf)
mind,-0.254822451363458,word (tfidf)
minimum,-0.48972703485076124,word (tfidf)
minimum wage,-0.5850193897668621,word (tfidf)
minister,-0.9218634736308023,word (tfidf)
minnesota,0.547553135625326,word (tfidf)
minority,-0.09173600109673549,word (tfidf)
minute,2.116103048924465,word (tfidf)
minutes,2.3527138057442816,word (tfidf)
miracle,0.051635077160172606,word (tfidf)
miranda,-1.178867147303626,word (tfidf)
mirror,0.830368026921601,word (tfidf)
misconduct,-1.6838211285692906,word (tfidf)
miss,-0.13534416157458673,word (tfidf)
missed,-0.6851277817742706,word (tfidf)
misses,-0.05861370816045982,word (tfidf)
missile,0.1134890974809443,word (tfidf)
missing,-1.2489810638621313,word (tfidf)
mission,-0.23555040216696993,word (tfidf)
mississippi,-0.9066800863204528,word (tfidf)
mistakes,-0.5562264929387527,word (tfidf)
mitch,0.36810384304993415,word (tfidf)
mitch mcconnell,0.36810384304993415,word (tfidf)
mitt,-0.7607024359940124,word (tfidf)
mitt romney,-0.76521908043005,word (tfidf)
mix,1.0484015961111124,word (tfidf)
model,-1.170623491903716,word (tfidf)
modern,1.1773380166656036,word (tfidf)
mom,0.19145625237583996,word (tfidf)
moment,-1.4193623527966095,word (tfidf)
moments,-0.2912140461000146,word (tfidf)
moms,-2.2436628696783063,word (tfidf)
monday,-0.7716962001388589,word (tfidf)
money,-0.2958566120222063,word (tfidf)
monster,1.2540425517288736,word (tfidf)
month,0.8742839614167229,word (tfidf)
months,1.6603408102536552,word (tfidf)
mood,0.17743391881951118,word (tfidf)
moon,0.07110865621870299,word (tfidf)
moore,-0.533842702339158,word (tfidf)
morning,1.1316008212279536,word (tfidf)
morning email,-2.452504439000869,word (tfidf)
mother,0.908163923104864,word (tfidf)
mother day,-1.4634440995995985,word (tfidf)
mothers,-0.5593216156580885,word (tfidf)
mouth,0.8775759496752651,word (tfidf)
moved,1.1475705970511185,word (tfidf)
movement,-0.3966770178386292,word (tfidf)
moves,-0.24093130439508273,word (tfidf)
movie,0.9910013145167637,word (tfidf)
movies,-1.0795722333722264,word (tfidf)
moving,-0.18104248263100578,word (tfidf)
mr,1.3431359814807795,word (tfidf)
mueller,1.9768097317222793,word (tfidf)
murder,0.6851793096770333,word (tfidf)
museum,1.1148052344381425,word (tfidf)
music,-1.0792506382010925,word (tfidf)
music video,-0.7491441785306898,word (tfidf)
musical,-1.152248550050081,word (tfidf)
musk,0.4962548026266095,word (tfidf)
muslim,-3.389131583900219,word (tfidf)
muslims,-1.3972863727621732,word (tfidf)
mysterious,-0.47954796158535656,word (tfidf)
mystery,-1.111253988510191,word (tfidf)
naked,0.12176205634237093,word (tfidf)
named,1.5359743206708445,word (tfidf)
names,0.5823043648801728,word (tfidf)
nancy,1.5972549892325616,word (tfidf)
nasa,1.5362833732595478,word (tfidf)
nation,7.548775641406819,word (tfidf)
national,0.7350910108092618,word (tfidf)
national security,0.18352016714510624,word (tfidf)
nato,-0.4700808247616402,word (tfidf)
natural,2.1320672273229744,word (tfidf)
nature,0.26947313795476585,word (tfidf)
navy,0.5641929603919231,word (tfidf)
nba,-0.9877744436640212,word (tfidf)
nbc,1.031696158779937,word (tfidf)
near,-2.0281300428259437,word (tfidf)
nearly,0.6813686836001286,word (tfidf)
necessary,0.33225528141354604,word (tfidf)
neck,1.4930667066423655,word (tfidf)
need,-2.9822220951028258,word (tfidf)
need know,-1.8719984037827546,word (tfidf)
needed,-0.39885206204138773,word (tfidf)
needs,-0.9943977415173355,word (tfidf)
neighbor,0.6797593348570667,word (tfidf)
neighborhood,2.3381617843574394,word (tfidf)
neighbors,1.353874263212133,word (tfidf)
neil,-0.6918795905200604,word (tfidf)
nervous,1.5302708553174902,word (tfidf)
net,-1.5047223216999808,word (tfidf)
netanyahu,1.0354042633576996,word (tfidf)
netflix,-0.9560998773412422,word (tfidf)
network,0.678854869116642,word (tfidf)
new,1.3228934790641416,word (tfidf)
new album,-1.8897956988182318,word (tfidf)
new book,-0.25652912705335124,word (tfidf)
new hampshire,-0.21207260423855753,word (tfidf)
new line,0.656243597822852,word (tfidf)
new study,-0.19436434647552436,word (tfidf)
new year,-2.278348276200744,word (tfidf)
new york,-0.6093546071495435,word (tfidf)
newborn,0.8966661470971072,word (tfidf)
newly,0.595559574662721,word (tfidf)
news,0.10098959367688191,word (tfidf)
news roundup,-0.41523248886348596,word (tfidf)
newspaper,-0.6036931728426576,word (tfidf)
nfl,-1.7320359793817637,word (tfidf)
nice,1.4211612554674509,word (tfidf)
nick,-1.2911523898914066,word (tfidf)
night,0.9841972228284815,word (tfidf)
nightmare,-1.2200589807319124,word (tfidf)
noah,-1.4524099834987652,word (tfidf)
nobel,0.6935557030775916,word (tfidf)
nomination,0.9865987948265137,word (tfidf)
nominee,-1.2048287139397236,word (tfidf)
non,0.23166364121688218,word (tfidf)
normal,0.9322933542253545,word (tfidf)
north,-0.7783677899256546,word (tfidf)
north carolina,-0.902898442653835,word (tfidf)
north korea,0.35854319995222395,word (tfidf)
note,0.7305000881377756,word (tfidf)
novel,0.8564437401410674,word (tfidf)
november,-1.3140408061767235,word (tfidf)
nra,1.035220197134875,word (tfidf)
nsfw,-1.606757459253894,word (tfidf)
nuclear,-0.16394913180479137,word (tfidf)
nuclear deal,-1.3223901760728842,word (tfidf)
nude,1.6889725750570712,word (tfidf)
number,1.4928351043149835,word (tfidf)
numbers,-1.0973180349588463,word (tfidf)
nurse,0.3992732030077868,word (tfidf)
nursing,0.22255571747998495,word (tfidf)
nursing home,0.30392802699577537,word (tfidf)
nyc,-2.0917403886370916,word (tfidf)
nypd,-0.49452344280199506,word (tfidf)
obama,0.34836136874617774,word (tfidf)
obama administration,-1.7579381013724018,word (tfidf)
obamacare,-2.281043885593953,word (tfidf)
obsessed,0.6437546544571383,word (tfidf)
ocean,-0.10807188879626331,word (tfidf)
offer,-0.05361010682944878,word (tfidf)
offering,2.117596445079089,word (tfidf)
offers,0.24838375649418043,word (tfidf)
office,0.8031224648344568,word (tfidf)
officer,-2.6834036763807245,word (tfidf)
officers,-0.7898378641078031,word (tfidf)
official,-0.11599183803054355,word (tfidf)
officially,-0.35615448321607573,word (tfidf)
officials,-0.5163754304895335,word (tfidf)
oh,0.5704018692069938,word (tfidf)
ohio,-1.2266238848953241,word (tfidf)
oil,-0.37252306207856256,word (tfidf)
okay,2.1533854652849613,word (tfidf)
oklahoma,-0.6798290417885913,word (tfidf)
old,1.5713561774606184,word (tfidf)
older,-0.004265500605911739,word (tfidf)
oliver,-1.6820493877150389,word (tfidf)
olympic,-1.3257549165545328,word (tfidf)
olympics,-1.0572329805263083,word (tfidf)
ones,1.2476968902249457,word (tfidf)
onion,3.810198745531835,word (tfidf)
onion social,1.768013655032884,word (tfidf)
online,-0.6529878247868346,word (tfidf)
open,-0.157552014919616,word (tfidf)
open letter,-1.8644915421381179,word (tfidf)
opening,-0.03606781225867718,word (tfidf)
opens,0.28687743945591326,word (tfidf)
opinion,0.6867319367464308,word (tfidf)
opioid,-0.7418429559035694,word (tfidf)
opportunity,0.6688306453684664,word (tfidf)
options,-0.3158325295048491,word (tfidf)
orange,-0.5895034877041795,word (tfidf)
order,0.29881851452954644,word (tfidf)
ordered,0.8772909290444563,word (tfidf)
orders,1.145927689150588,word (tfidf)
oregon,-2.16890997276253,word (tfidf)
organization,1.3144002403775652,word (tfidf)
original,1.037557348102386,word (tfidf)
orlando,-1.3383638119297712,word (tfidf)
oscar,1.0858247408629806,word (tfidf)
oscars,0.45479728774531336,word (tfidf)
outbreak,0.040827918525920395,word (tfidf)
outraged,0.9580091718634031,word (tfidf)
outside,2.684095623021108,word (tfidf)
overweight,1.4340223437442308,word (tfidf)
owner,2.2174761695659697,word (tfidf)
owners,0.2836842366407,word (tfidf)
pac,-0.8753541411953467,word (tfidf)
pack,1.5172060787008224,word (tfidf)
page,0.8461835940181278,word (tfidf)
paid,-0.9116439906576104,word (tfidf)
pain,-0.38791452999727116,word (tfidf)
painful,1.0043081680669512,word (tfidf)
palestinian,0.15806634870634528,word (tfidf)
palin,0.5134996250846559,word (tfidf)
panel,-0.549226555155331,word (tfidf)
panic,-0.6000785402396758,word (tfidf)
panicked,2.236962535471853,word (tfidf)
pants,0.8421884350974908,word (tfidf)
paper,-0.16618095053200202,word (tfidf)
parade,-0.22612135024228236,word (tfidf)
parent,0.2747654283551641,word (tfidf)
parenthood,-0.9717912131226886,word (tfidf)
parenting,-1.1055669060310451,word (tfidf)
parents,0.7338707445034293,word (tfidf)
paris,-1.9263440859664345,word (tfidf)
park,1.590706056248823,word (tfidf)
parking,0.5685919543613276,word (tfidf)
parking lot,0.0893822415128592,word (tfidf)
parkland,-1.1605730507366578,word (tfidf)
parody,-1.063987094861264,word (tfidf)
partner,0.5263601795177555,word (tfidf)
party,1.2452543397328586,word (tfidf)
pass,0.1075973311633705,word (tfidf)
passed,0.6712300780374433,word (tfidf)
passenger,0.3996508495098512,word (tfidf)
passengers,0.7208926825096836,word (tfidf)
passes,1.1174361633023815,word (tfidf)
passing,-0.16450869183146688,word (tfidf)
past,-0.6284562598346353,word (tfidf)
path,0.18478961574720038,word (tfidf)
pathetic,1.052832420171266,word (tfidf)
patient,1.158190803799973,word (tfidf)
patients,0.40381987604858993,word (tfidf)
patrick,0.0017058065990543877,word (tfidf)
paul,1.552685296841987,word (tfidf)
paul ryan,0.0853132801019445,word (tfidf)
pay,-1.2376352745792105,word (tfidf)
paying,-0.6129483419247133,word (tfidf)
pays,0.21483275304808527,word (tfidf)
peace,-1.051068205306895,word (tfidf)
pence,0.7211168201514885,word (tfidf)
penis,-0.4823315487548272,word (tfidf)
pennsylvania,-0.9004884411455812,word (tfidf)
pentagon,1.8146086469072382,word (tfidf)
people,-0.12047277345595954,word (tfidf)
percent,2.497822719256219,word (tfidf)
perfect,-1.4719945392448168,word (tfidf)
perfectly,-1.7691714773117457,word (tfidf)
perform,-0.7103581762515004,word (tfidf)
performance,-1.615491160789485,word (tfidf)
period,0.1575493558447394,word (tfidf)
perry,-0.6534413637671485,word (tfidf)
person,1.4234731711335267,word (tfidf)
personal,0.2942351677306524,word (tfidf)
personality,0.2060508509103311,word (tfidf)
perspective,-1.1823564469775494,word (tfidf)
pet,-0.609174702046637,word (tfidf)
peter,0.3284949793782092,word (tfidf)
philadelphia,-0.23421762102458243,word (tfidf)
phone,1.1172222778242917,word (tfidf)
photo,-0.14026200850115847,word (tfidf)
photographer,-1.4523356123109068,word (tfidf)
photos,-2.3425471511143585,word (tfidf)
pick,-0.27520226853031143,word (tfidf)
picks,0.39139294670627,word (tfidf)
picture,0.312699063871685,word (tfidf)
pictures,0.9917184404467279,word (tfidf)
piece,1.7684268594068306,word (tfidf)
pieces,0.047678701206533156,word (tfidf)
pile,1.835341923194295,word (tfidf)
pipeline,-0.9468400869629192,word (tfidf)
pissed,-0.18616266702284573,word (tfidf)
pitch,0.6606715441786339,word (tfidf)
pizza,0.8390186246411915,word (tfidf)
place,2.138978999511289,word (tfidf)
places,0.1348174940294804,word (tfidf)
plan,0.33533012463116374,word (tfidf)
plane,-0.31140277050857496,word (tfidf)
planet,-0.7354038773769993,word (tfidf)
planned,-1.7134745419766682,word (tfidf)
planned parenthood,-1.586318362319212,word (tfidf)
planning,-0.19769521900298787,word (tfidf)
plans,-0.1741296322262668,word (tfidf)
plant,0.7429542954687267,word (tfidf)
plastic,0.6264251536779915,word (tfidf)
platform,-0.16248123494410924,word (tfidf)
play,-0.2566646357440696,word (tfidf)
played,-0.6474514197077995,word (tfidf)
player,-0.6919330073042926,word (tfidf)
players,-0.42305126077870436,word (tfidf)
playing,-0.22342480290777333,word (tfidf)
plays,-0.8428296815440366,word (tfidf)
plea,-1.226016382824334,word (tfidf)
pledge,-0.9268016211290886,word (tfidf)
pledges,1.3562180693145203,word (tfidf)
plot,0.263116921717143,word (tfidf)
plus,-0.5448815525266821,word (tfidf)
point,1.2427051758724643,word (tfidf)
points,0.28913236008507615,word (tfidf)
police,-2.5769964146149493,word (tfidf)
police officer,0.8958035845899796,word (tfidf)
police say,-2.028536029063055,word (tfidf)
policies,-0.8172539950441352,word (tfidf)
policy,-0.766056561481341,word (tfidf)
political,-0.690354314386764,word (tfidf)
politicians,-0.7149815892281517,word (tfidf)
politics,-1.3870006438646723,word (tfidf)
poll,1.2231419255881173,word (tfidf)
poll finds,1.5807864920584778,word (tfidf)
polls,0.38008246962511755,word (tfidf)
pool,1.4339729880896546,word (tfidf)
poor,0.188217515100829,word (tfidf)
pop,0.05389003564856082,word (tfidf)
pope,0.9858143322526758,word (tfidf)
pope francis,0.6723995791854226,word (tfidf)
popular,1.8141593252204562,word (tfidf)
population,0.9962258901949292,word (tfidf)
porn,0.8482957027023742,word (tfidf)
portrait,0.5040549583223191,word (tfidf)
position,1.5657911377206406,word (tfidf)
positive,0.1937912702358484,word (tfidf)
possible,-0.6397099326858902,word (tfidf)
post,-1.4048468815232513,word (tfidf)
poster,1.9146143863564042,word (tfidf)
posts,0.5682279126837846,word (tfidf)
pot,-1.2534337568396334,word (tfidf)
potential,-1.03022807221497,word (tfidf)
potter,-0.398993268093065,word (tfidf)
pound,1.476243049203848,word (tfidf)
pounds,0.32116148930270905,word (tfidf)
poverty,-0.7822033013939185,word (tfidf)
power,-0.3393432050476257,word (tfidf)
powerful,-0.9548147416655178,word (tfidf)
practice,0.7584554822703724,word (tfidf)
praise,0.525895435968162,word (tfidf)
prayers,-1.0063394720132588,word (tfidf)
pre,0.06958549696293406,word (tfidf)
pregnancy,-2.122024995242295,word (tfidf)
pregnant,-0.18098112129715838,word (tfidf)
premiere,-0.5532525498401951,word (tfidf)
prepare,0.21275346123710123,word (tfidf)
prepares,-0.18444487503211143,word (tfidf)
prescription,0.406432191674995,word (tfidf)
present,-0.020845213836542125,word (tfidf)
presents,1.1631255930347915,word (tfidf)
presidency,-0.22949549165054284,word (tfidf)
president,-0.24871529299694178,word (tfidf)
president obama,-1.1108598607411013,word (tfidf)
president trump,-0.37424473922264295,word (tfidf)
presidential,-0.8615637775405253,word (tfidf)
press,-1.0449057895434184,word (tfidf)
press conference,-0.15699998404213567,word (tfidf)
pressure,0.5254220039433144,word (tfidf)
pretty,3.246650993592729,word (tfidf)
pretty sure,0.9885626677560867,word (tfidf)
prevent,0.41699670004622613,word (tfidf)
previous,1.3211010455759544,word (tfidf)
previously,2.187948971747799,word (tfidf)
price,0.2541133178562934,word (tfidf)
pride,-1.76728857176437,word (tfidf)
priest,0.11718573001117338,word (tfidf)
primary,-1.0861855538601546,word (tfidf)
prime,-0.9758568649965094,word (tfidf)
prime minister,-0.42625701141383926,word (tfidf)
prince,-0.24318365816673823,word (tfidf)
prince harry,1.292663413209437,word (tfidf)
princess,-0.7189457704359241,word (tfidf)
prison,-0.4030091527045088,word (tfidf)
private,-0.7077996341749648,word (tfidf)
prize,-0.6774811178283409,word (tfidf)
pro,-0.564787419542527,word (tfidf)
probably,0.295573918207235,word (tfidf)
probe,0.10786023051149153,word (tfidf)
problem,-0.8344898321364856,word (tfidf)
problems,-0.8969862685445319,word (tfidf)
process,-1.0363613720453178,word (tfidf)
product,1.3026307382034372,word (tfidf)
production,1.4289332744492513,word (tfidf)
professor,1.104736301664835,word (tfidf)
profile,1.0301607231435574,word (tfidf)
profit,-0.021622299206476635,word (tfidf)
program,2.1295448097691354,word (tfidf)
programs,-0.8475127702161604,word (tfidf)
progress,0.24877510357133964,word (tfidf)
progressive,-0.18771613635703724,word (tfidf)
project,-0.3285548475073815,word (tfidf)
promise,0.5434227442555865,word (tfidf)
promises,1.2006197583823761,word (tfidf)
proof,-1.6215922467326278,word (tfidf)
proposal,-1.33203639569707,word (tfidf)
proposed,0.34278831836233814,word (tfidf)
protect,0.16869875902514886,word (tfidf)
protecting,-1.459031735343385,word (tfidf)
protest,-2.1667540758855686,word (tfidf)
protesters,-1.1825814561888297,word (tfidf)
protests,-2.235404459178149,word (tfidf)
proud,1.6575034525669345,word (tfidf)
prove,-1.4876061083512397,word (tfidf)
proves,-1.1374716467826755,word (tfidf)
provide,0.480275666373768,word (tfidf)
provides,1.782442113705553,word (tfidf)
pruitt,-0.3142706802367119,word (tfidf)
public,-0.012985455481031942,word (tfidf)
puerto,-0.8681175522709621,word (tfidf)
puerto rico,-0.14126452989725793,word (tfidf)
pull,0.5365837959300416,word (tfidf)
pulled,0.8598003009872052,word (tfidf)
pulling,0.899485478180162,word (tfidf)
pulls,1.0996681291680104,word (tfidf)
puppy,0.031334171028943814,word (tfidf)
purchase,1.7108608822489988,word (tfidf)
purchases,1.7137174921933145,word (tfidf)
push,-1.107378226393566,word (tfidf)
pushes,0.4969618564548891,word (tfidf)
putin,0.3879591887362246,word (tfidf)
puts,1.0792422455110189,word (tfidf)
putting,1.9345731093144523,word (tfidf)
qaeda,0.7926350172705461,word (tfidf)
quality,0.8392362882266395,word (tfidf)
queen,-0.6917354799267931,word (tfidf)
queen elizabeth,1.8141080397914109,word (tfidf)
queer,-3.2641389510176464,word (tfidf)
question,0.21757182990519516,word (tfidf)
questions,-1.1807991321072713,word (tfidf)
quick,1.1696284342503795,word (tfidf)
quickly,2.4970131977263965,word (tfidf)
quiet,-0.2243321038033469,word (tfidf)
quietly,2.598324533046054,word (tfidf)
quit,-2.1744321453487414,word (tfidf)
quite,1.2960865542406335,word (tfidf)
race,-1.813804759822803,word (tfidf)
rachel,-0.37110721383458595,word (tfidf)
racial,0.4847493071830186,word (tfidf)
racism,-1.1527049915293917,word (tfidf)
racist,-0.6658363013640279,word (tfidf)
radio,-0.14460701549500532,word (tfidf)
raid,-0.24604333066178727,word (tfidf)
raise,-0.2489053774373284,word (tfidf)
raises,1.213726485612902,word (tfidf)
raising,-0.9584283435460582,word (tfidf)
rally,0.33288159011645396,word (tfidf)
rand,-1.0493809115899435,word (tfidf)
random,1.0459190691288196,word (tfidf)
rant,-0.35027271914068203,word (tfidf)
rape,-1.7777000028231913,word (tfidf)
rare,-0.13723977920129488,word (tfidf)
rate,-0.2508915804797697,word (tfidf)
rates,-0.10221730055346515,word (tfidf)
ray,0.42631251969956524,word (tfidf)
reach,0.3723167046840042,word (tfidf)
reaches,1.2511928752140604,word (tfidf)
reaction,-1.2785383675579325,word (tfidf)
read,-0.89770271809688,word (tfidf)
reading,0.5034872287368091,word (tfidf)
ready,0.8183242238629223,word (tfidf)
real,-0.9910543105536308,word (tfidf)
real life,0.1791813585807448,word (tfidf)
reality,-1.134526184352618,word (tfidf)
realize,1.052808379078624,word (tfidf)
realizes,2.7960545158451615,word (tfidf)
realizing,2.0680078895928857,word (tfidf)
really,0.7644865526534326,word (tfidf)
reason,-0.5583353415868891,word (tfidf)
reasons,-2.718142257420523,word (tfidf)
rebel,-0.10297968286967905,word (tfidf)
rebels,-0.8301267939322022,word (tfidf)
recall,1.453427392452156,word (tfidf)
recalls,1.9995294740952998,word (tfidf)
receive,0.5776366182150339,word (tfidf)
receives,0.9690912448395099,word (tfidf)
recent,1.1863960239824656,word (tfidf)
recipes,-2.317404770343919,word (tfidf)
recommend,2.033724774252227,word (tfidf)
recommends,2.630604799077388,word (tfidf)
record,-0.6696566989626515,word (tfidf)
records,-0.26735687014295495,word (tfidf)
recovery,-1.2507253726993923,word (tfidf)
red,-0.07163524396093555,word (tfidf)
red carpet,-1.2254995686671464,word (tfidf)
reduce,-0.06507455075869538,word (tfidf)
reform,-2.146130149305469,word (tfidf)
refugee,-0.9630266751647188,word (tfidf)
refugees,-2.0807426850890893,word (tfidf)
refuses,0.935906083278045,word (tfidf)
regret,0.5551382566291427,word (tfidf)
regrets,0.9344717272281654,word (tfidf)
regular,0.42161290504762006,word (tfidf)
regularly,1.6500548054596011,word (tfidf)
reilly,-0.6197954218317397,word (tfidf)
related,1.2642455079190067,word (tfidf)
relationship,1.137156813312387,word (tfidf)
relationships,-0.7731364870427637,word (tfidf)
release,0.030588399203993498,word (tfidf)
released,-0.5650052258736287,word (tfidf)
releases,1.6814026669438074,word (tfidf)
releases new,2.0563310399737427,word (tfidf)
relief,-0.3893782456468665,word (tfidf)
relieved,2.5712756328829287,word (tfidf)
religion,-0.5591464850069553,word (tfidf)
religious,-0.678143907340012,word (tfidf)
remain,0.09084667097973678,word (tfidf)
remaining,2.010272424757027,word (tfidf)
remains,-0.4088515513943384,word (tfidf)
remember,1.123292148873232,word (tfidf)
remembering,-1.809338052145144,word (tfidf)
remembers,-0.04895115994833437,word (tfidf)
remind,0.12319150928081811,word (tfidf)
reminder,0.8498785316806241,word (tfidf)
reminds,1.3992908303595613,word (tfidf)
remove,-0.1634015113478304,word (tfidf)
removes,1.8793441424947335,word (tfidf)
rep,-1.4528915581904782,word (tfidf)
repeal,-1.7095556988823646,word (tfidf)
repeatedly,2.0182751710835154,word (tfidf)
replace,-0.06951706015309415,word (tfidf)
report,5.6770045112065075,word (tfidf)
report americans,1.0181641441686797,word (tfidf)
report finds,0.4291196125156124,word (tfidf)
report majority,0.5294066054333776,word (tfidf)
reportedly,-2.2705316293969697,word (tfidf)
reporter,-0.7496716212831948,word (tfidf)
reporters,0.44078921467185345,word (tfidf)
reports,1.756434048284743,word (tfidf)
republican,-1.0616158754591805,word (tfidf)
republicans,-1.371815378696147,word (tfidf)
request,-0.07606657046811863,word (tfidf)
rescue,-2.1664929884100004,word (tfidf)
rescued,-1.6859995113307504,word (tfidf)
research,-1.2425935344245405,word (tfidf)
researchers,1.6986309389792056,word (tfidf)
residents,0.5651425591864275,word (tfidf)
resign,-1.180384645035974,word (tfidf)
resigns,0.045883422523738,word (tfidf)
resistance,-1.3618140947591455,word (tfidf)
respect,1.5207561930739726,word (tfidf)
respond,-0.15694394930137323,word (tfidf)
responds,-1.9915086761304872,word (tfidf)
response,-0.8612842892378876,word (tfidf)
responsible,-0.0598355052260158,word (tfidf)
rest,1.3108715353172682,word (tfidf)
restaurant,0.17555923131199103,word (tfidf)
results,0.5541962531600774,word (tfidf)
retirement,-0.7754926782698266,word (tfidf)
return,-0.304453078615612,word (tfidf)
returning,-0.8361625648604383,word (tfidf)
returns,1.8653118691132344,word (tfidf)
reunion,-0.8058102036607062,word (tfidf)
reveal,-0.5403440360841426,word (tfidf)
revealed,0.1306785304369858,word (tfidf)
reveals,0.404548370626547,word (tfidf)
review,-1.0656409169442513,word (tfidf)
revolution,-0.851394257541636,word (tfidf)
rex,0.666529688887354,word (tfidf)
rex tillerson,0.8633687782526225,word (tfidf)
rice,-0.07401803875658991,word (tfidf)
rich,0.09614947411000555,word (tfidf)
richard,0.5882147306115628,word (tfidf)
rick,0.42503990377901635,word (tfidf)
rico,-0.14126452989725793,word (tfidf)
ride,-0.08266294730836123,word (tfidf)
riding,0.5184159969201849,word (tfidf)
right,1.09532032514227,word (tfidf)
rights,-1.1356451838386692,word (tfidf)
ring,0.9250127460992656,word (tfidf)
rips,-1.4051746260126845,word (tfidf)
rise,-1.2720024227424895,word (tfidf)
rise need,-0.31082275086964495,word (tfidf)
rising,-1.099429735008943,word (tfidf)
risk,-1.1278486402869812,word (tfidf)
river,-0.28172793876269014,word (tfidf)
rnc,0.36296986383867014,word (tfidf)
road,-0.8365386751087526,word (tfidf)
robert,-0.40614454165690456,word (tfidf)
robert mueller,0.58459684885442,word (tfidf)
rock,0.5686592428794973,word (tfidf)
roger,0.8963699459187345,word (tfidf)
role,0.588115473454946,word (tfidf)
roll,0.36433151187443064,word (tfidf)
rolls,0.7837826869365084,word (tfidf)
romney,3.7518996609732342,word (tfidf)
room,2.217910815120666,word (tfidf)
roommate,1.9165776473989544,word (tfidf)
rose,-1.438009040173086,word (tfidf)
round,-0.1889359075473531,word (tfidf)
roundup,-1.613726313776054,word (tfidf)
routine,-0.04399210580221998,word (tfidf)
row,1.7451619493577157,word (tfidf)
roy,0.4072761796376965,word (tfidf)
roy moore,-0.0033136039351461507,word (tfidf)
royal,1.2471732866452427,word (tfidf)
rubio,-1.2205867933782768,word (tfidf)
rudy,-0.42203970045646094,word (tfidf)
rudy giuliani,-0.37006143407135944,word (tfidf)
ruin,-0.3666147391285026,word (tfidf)
rule,-0.11981339091430766,word (tfidf)
rules,-1.1388054927252245,word (tfidf)
ruling,-0.9014776195905575,word (tfidf)
run,-0.038723052159554794,word (tfidf)
running,0.6384495875318841,word (tfidf)
runs,1.0889448098259484,word (tfidf)
rush,0.5982715050331211,word (tfidf)
russia,-0.7133194803803695,word (tfidf)
russian,-0.7984188932376496,word (tfidf)
ryan,-0.1334979596211176,word (tfidf)
sad,0.9686109745703427,word (tfidf)
safe,0.5841387199535497,word (tfidf)
safety,-1.5910365806895623,word (tfidf)
said,-0.14040135444605592,word (tfidf)
sale,-0.15364829030570068,word (tfidf)
sales,0.3955467249684718,word (tfidf)
sam,-0.4118353560545892,word (tfidf)
samantha,-0.9525707122851429,word (tfidf)
san,-1.0653411958033443,word (tfidf)
sanders,-0.8702912382046288,word (tfidf)
sandwich,1.744913861328432,word (tfidf)
santa,-0.6679217281868993,word (tfidf)
sarah,-0.9536875670415179,word (tfidf)
saturday,-1.2018824136729782,word (tfidf)
saudi,0.48694840312105897,word (tfidf)
saudi arabia,0.2983526872449592,word (tfidf)
save,-1.4353424839931828,word (tfidf)
saved,0.31682334680908963,word (tfidf)
saves,0.5428011144183938,word (tfidf)
saving,0.20332184806663245,word (tfidf)
saw,0.5854167551589142,word (tfidf)
say,-1.1398989760633922,word (tfidf)
saying,-0.1443229531935854,word (tfidf)
says,-2.1378542143973016,word (tfidf)
says trump,0.2795154258859771,word (tfidf)
scalia,1.033668631249146,word (tfidf)
scandal,-0.5042843084956418,word (tfidf)
scene,0.18082754343920288,word (tfidf)
school,0.24977451607934045,word (tfidf)
schools,-1.3482968399439272,word (tfidf)
schumer,-0.9855620470700468,word (tfidf)
science,-0.6894117177937282,word (tfidf)
scientist,0.06348559683301785,word (tfidf)
scientists,2.113198477517701,word (tfidf)
scores,0.13590063621264778,word (tfidf)
scott,-0.784418058288675,word (tfidf)
scott pruitt,-0.26594998792068897,word (tfidf)
screaming,1.7341412395809583,word (tfidf)
screen,-0.2246457448455823,word (tfidf)
sea,0.45298421957705315,word (tfidf)
sean,0.2141493420409389,word (tfidf)
sean spicer,-0.35282757895637146,word (tfidf)
search,-0.7252974856129938,word (tfidf)
searching,0.16889004622583104,word (tfidf)
season,-0.5472643885634889,word (tfidf)
seat,-0.7907152712764832,word (tfidf)
seattle,0.24813717020651768,word (tfidf)
seaworld,0.7274758829020963,word (tfidf)
second,0.6986693318893721,word (tfidf)
seconds,1.6654582245985854,word (tfidf)
secret,-1.2324899950811035,word (tfidf)
secret service,0.6035866323568571,word (tfidf)
secretary,2.4761031246074086,word (tfidf)
secretly,0.5636813413878772,word (tfidf)
secrets,-2.1902681780178708,word (tfidf)
section,2.031628573955423,word (tfidf)
security,-0.45441283128007226,word (tfidf)
seeing,0.9263334332420057,word (tfidf)
seek,-0.14292229052137137,word (tfidf)
seeking,0.3148904419874915,word (tfidf)
seeks,-0.7987444015450791,word (tfidf)
seen,1.4278190441400396,word (tfidf)
sees,-0.8269065886937423,word (tfidf)
self,2.165251663419927,word (tfidf)
sell,0.6369186193287099,word (tfidf)
selling,0.7540913387677957,word (tfidf)
sen,-0.8028632776937316,word (tfidf)
senate,0.1476363658457837,word (tfidf)
senator,1.7216276494741263,word (tfidf)
senators,0.42390978900021486,word (tfidf)
send,-1.0572060290608638,word (tfidf)
sending,0.18389619703219653,word (tfidf)
sends,0.37354362955154996,word (tfidf)
senior,0.8031313580642526,word (tfidf)
sense,0.26878996749996387,word (tfidf)
sent,0.09163205629784799,word (tfidf)
sentence,-0.5028314013326767,word (tfidf)
sentenced,-1.080284714570226,word (tfidf)
serial,-0.7321673337940998,word (tfidf)
series,-2.124339257540905,word (tfidf)
seriously,0.7224532467339464,word (tfidf)
service,0.9011725302745104,word (tfidf)
services,0.22781182257905136,word (tfidf)
sessions,-0.2813684598710225,word (tfidf)
set,-0.0775937710849994,word (tfidf)
seth,-1.0318789438432105,word (tfidf)
seth meyers,-0.9084555348590155,word (tfidf)
sets,-0.10600265480668354,word (tfidf)
setting,-1.4657243355546918,word (tfidf)
sex,-0.7069680528737364,word (tfidf)
sexist,-0.8486227617684191,word (tfidf)
sexual,-0.49893228580714627,word (tfidf)
sexual assault,-1.3293775054353578,word (tfidf)
sexual harassment,0.8783380316514483,word (tfidf)
sexual misconduct,-1.1700063814621544,word (tfidf)
sexually,0.7006195549732985,word (tfidf)
sexy,-0.0629187627285676,word (tfidf)
shake,0.34154080335498166,word (tfidf)
shame,-1.0873684542691986,word (tfidf)
shape,0.08339440403394321,word (tfidf)
shaped,-0.06333750026023882,word (tfidf)
share,-2.647225614938745,word (tfidf)
shares,-1.6531934061663562,word (tfidf)
shark,-0.4214736686738316,word (tfidf)
shelter,-1.3339647273694746,word (tfidf)
shift,1.5003344131003291,word (tfidf)
ship,-0.09308976335491581,word (tfidf)
shirt,1.8588708459931345,word (tfidf)
shit,4.029897152073354,word (tfidf)
shitty,2.3625664149178798,word (tfidf)
shocked,1.6373849790468773,word (tfidf)
shoes,0.6596849470149813,word (tfidf)
shoot,0.5329129235009687,word (tfidf)
shooter,-0.7691235232270769,word (tfidf)
shooting,-1.5041809033595055,word (tfidf)
shootings,-0.9362127485374643,word (tfidf)
shoots,0.34468548216732786,word (tfidf)
shop,2.020697653887359,word (tfidf)
shopping,0.17909039106801308,word (tfidf)
short,-0.16682751707972576,word (tfidf)
shot,-0.5221524674396804,word (tfidf)
shower,1.0543583760153168,word (tfidf)
showing,1.3989812894325857,word (tfidf)
shows,-1.8000250074082196,word (tfidf)
shut,0.7473424009298727,word (tfidf)
shutdown,-0.8873165940888641,word (tfidf)
sick,0.7196403452870412,word (tfidf)
sight,1.3515453026136395,word (tfidf)
sign,-0.014510319488407523,word (tfidf)
signs,0.22415271903687775,word (tfidf)
silence,-1.0936313334782801,word (tfidf)
silver,0.2536718458340392,word (tfidf)
simple,-1.4800267978700314,word (tfidf)
sing,-0.8452995038061015,word (tfidf)
singer,-0.18268761311694487,word (tfidf)
singing,-2.077422707553462,word (tfidf)
single,1.1253207652988757,word (tfidf)
sister,1.1020252670273494,word (tfidf)
sit,1.6841947446231977,word (tfidf)
site,0.056518146758149285,word (tfidf)
sitting,1.1721196096694777,word (tfidf)
situation,1.436864899066686,word (tfidf)
sixth,0.8085119110610052,word (tfidf)
size,0.37426504145131084,word (tfidf)
skills,-0.4313764117129053,word (tfidf)
skin,0.4140017212282913,word (tfidf)
slams,-2.488588155970664,word (tfidf)
sleep,-1.0069264169984227,word (tfidf)
sleeping,0.6939297840153457,word (tfidf)
slightly,1.664937618088363,word (tfidf)
slow,0.531216456026918,word (tfidf)
slowly,2.873072207249415,word (tfidf)
small,0.571682088185683,word (tfidf)
smart,-1.2620742492013015,word (tfidf)
smiling,0.6315121219410571,word (tfidf)
smith,-1.3642029594615568,word (tfidf)
sniper,0.8069615183147864,word (tfidf)
snl,-2.1040523583008457,word (tfidf)
snow,-0.8617655813547512,word (tfidf)
soccer,-1.3029859611325465,word (tfidf)
social,-0.8397556968352666,word (tfidf)
social media,-0.9401177080681,word (tfidf)
society,0.9966789368950445,word (tfidf)
soda,-0.5945981609572281,word (tfidf)
solar,0.22681662487709153,word (tfidf)
sold,-0.8367907836592411,word (tfidf)
soldier,0.17169724651973875,word (tfidf)
solo,0.9679867931657733,word (tfidf)
solution,-0.8887935348316547,word (tfidf)
solve,1.463123682529156,word (tfidf)
son,0.2853223974372955,word (tfidf)
song,0.11373780363484344,word (tfidf)
songs,0.19545318772558878,word (tfidf)
soon,0.35349900600378836,word (tfidf)
sorry,0.2521125342733479,word (tfidf)
sort,2.0527916400892297,word (tfidf)
soul,-1.600380902898351,word (tfidf)
sound,0.3929465103636717,word (tfidf)
sounds,-0.6094943052393259,word (tfidf)
source,0.5249765849819951,word (tfidf)
sources,0.9226696618835165,word (tfidf)
south,-1.7208776347272736,word (tfidf)
south carolina,0.8368177804359315,word (tfidf)
space,1.2788516265638303,word (tfidf)
speak,0.6632466089620574,word (tfidf)
speaker,0.17524903551057064,word (tfidf)
speaking,0.03979854940303007,word (tfidf)
speaks,-1.0003285973303462,word (tfidf)
spears,-0.04778645406469328,word (tfidf)
special,-0.3606500400082713,word (tfidf)
species,0.8920560875629024,word (tfidf)
speech,1.452280094342842,word (tfidf)
speed,1.0232280979540365,word (tfidf)
spend,0.510739980003381,word (tfidf)
spending,-1.3962648390377663,word (tfidf)
spends,2.5076173986876746,word (tfidf)
spent,1.6245146813098188,word (tfidf)
spicer,-0.4350704000365877,word (tfidf)
spider,-0.05852336859091507,word (tfidf)
spirit,0.32243994426539907,word (tfidf)
split,-0.3454037743419444,word (tfidf)
spoof,-1.31432208069164,word (tfidf)
sports,-0.24160653475178867,word (tfidf)
spot,-0.2873575265286219,word (tfidf)
spotted,0.31950084232190945,word (tfidf)
spring,-0.7289031249980462,word (tfidf)
st,1.7966019883813047,word (tfidf)
st louis,0.0413480540597725,word (tfidf)
stadium,1.1132408403477503,word (tfidf)
staff,1.1179425704151071,word (tfidf)
staffers,-1.139930671889012,word (tfidf)
stage,0.20930738108405045,word (tfidf)
stance,0.9920739630558211,word (tfidf)
stand,-0.7974261949922051,word (tfidf)
standing,0.43568876853626853,word (tfidf)
stands,-0.3202412601175089,word (tfidf)
star,-1.5607127111496093,word (tfidf)
star wars,-0.5920475269731238,word (tfidf)
starbucks,-0.07624087983300533,word (tfidf)
stares,2.391523963978681,word (tfidf)
stars,-0.8825792445662672,word (tfidf)
start,0.1405253011792249,word (tfidf)
started,0.7672985166927909,word (tfidf)
starting,1.2760191969485726,word (tfidf)
starts,0.2973419731079011,word (tfidf)
state,0.16869110034134674,word (tfidf)
state department,-0.7943764924028707,word (tfidf)
state union,1.1252363204877671,word (tfidf)
statement,0.25076862408537476,word (tfidf)
states,-1.5335828729626768,word (tfidf)
station,0.7620765905595828,word (tfidf)
statue,1.7288430904596164,word (tfidf)
status,1.0673947576393157,word (tfidf)
stay,-0.6058221989469821,word (tfidf)
staying,0.5830614369920738,word (tfidf)
stays,0.1871337474126089,word (tfidf)
step,-0.44184282106370243,word (tfidf)
stephen,0.2305466383885796,word (tfidf)
stephen colbert,-1.2458880321934207,word (tfidf)
steps,-0.9899348928685456,word (tfidf)
steve,0.07761898680905209,word (tfidf)
steve bannon,-0.49097913848415076,word (tfidf)
steven,-0.7934178960268032,word (tfidf)
stewart,-0.8114817276626775,word (tfidf)
stick,1.3315709702875664,word (tfidf)
stock,1.6128542789659788,word (tfidf)
stolen,0.372855464565771,word (tfidf)
stone,0.11029301540649218,word (tfidf)
stop,-1.2317094209849249,word (tfidf)
stops,-0.5723941655803133,word (tfidf)
store,1.6563883119228338,word (tfidf)
stories,-0.8045262176965682,word (tfidf)
storm,-0.9366188783371562,word (tfidf)
story,-0.8523635627928228,word (tfidf)
straight,2.1550100537314036,word (tfidf)
strange,-0.8118891726925057,word (tfidf)
stranger,-0.7564351107356289,word (tfidf)
strangers,-0.3759158181529417,word (tfidf)
strategy,-1.6728500571935654,word (tfidf)
street,0.9857761777179577,word (tfidf)
streets,0.7900245660889976,word (tfidf)
strength,-0.046866563845595656,word (tfidf)
stress,-1.9141967771408532,word (tfidf)
strike,0.05696871965225679,word (tfidf)
strikes,-0.7522199807510821,word (tfidf)
strip,1.25345249855849,word (tfidf)
strong,0.8722471487517977,word (tfidf)
struggle,0.1580884923261909,word (tfidf)
struggling,2.455182695819961,word (tfidf)
stuck,1.1629151934385005,word (tfidf)
student,0.2063409416295987,word (tfidf)
students,-0.8631107643582646,word (tfidf)
studio,1.5320270156806404,word (tfidf)
study,3.792453374447825,word (tfidf)
study finds,1.8943025580734532,word (tfidf)
stuff,0.8507691828354261,word (tfidf)
stuffed,0.2371977114603915,word (tfidf)
stunning,-1.6327701566029078,word (tfidf)
stupid,1.1519785895880497,word (tfidf)
style,-0.5890883927781992,word (tfidf)
subway,1.5092142796036712,word (tfidf)
success,-0.999176933941284,word (tfidf)
successful,1.496197585114483,word (tfidf)
suddenly,0.6939229057166567,word (tfidf)
sue,-0.5648748663524991,word (tfidf)
sues,-1.4322796485098437,word (tfidf)
suggests,-0.23781701099313682,word (tfidf)
suicide,0.14380002238734585,word (tfidf)
suit,0.4724339519639529,word (tfidf)
summer,-1.006185716416425,word (tfidf)
summit,0.5394243636213355,word (tfidf)
sun,1.0145478090158788,word (tfidf)
sunday,-1.7494495009134634,word (tfidf)
super,-0.5046948308192646,word (tfidf)
super bowl,-1.4087009053104818,word (tfidf)
super pac,-0.9672515999204875,word (tfidf)
support,-0.6454478090959694,word (tfidf)
supporters,0.1670116040550081,word (tfidf)
supporting,-0.558244984545521,word (tfidf)
supreme,0.5947422577948634,word (tfidf)
supreme court,0.7756566099474821,word (tfidf)
sure,1.9888686437789524,word (tfidf)
surge,-0.33881581963249296,word (tfidf)
surgeon,0.9582856698066383,word (tfidf)
surgery,-0.10185738341960396,word (tfidf)
surprise,-0.6908203030972612,word (tfidf)
surprised,1.396569405520258,word (tfidf)
surprising,-2.026703003338169,word (tfidf)
surveillance,-0.690631658439944,word (tfidf)
survive,-0.7786785122781965,word (tfidf)
survivor,-0.8357590696018216,word (tfidf)
survivors,-0.6699713964684875,word (tfidf)
suspect,-0.48743854477729404,word (tfidf)
suspects,0.6201846415089719,word (tfidf)
suspended,-1.9008051573183338,word (tfidf)
sweet,-1.75207581336633,word (tfidf)
swift,-0.18047525428826636,word (tfidf)
syria,-0.9259274538932768,word (tfidf)
syrian,-1.9840058660015172,word (tfidf)
table,0.9941599653292794,word (tfidf)
taco,0.28281697764442665,word (tfidf)
taco bell,0.43577310440883643,word (tfidf)
taken,1.7132129849504245,word (tfidf)
takes,-0.1979128495576646,word (tfidf)
taking,-0.3627294022235001,word (tfidf)
tale,-1.518919754964718,word (tfidf)
taliban,0.9462048681944211,word (tfidf)
talk,-0.7343103614197749,word (tfidf)
talking,-0.1904639536756895,word (tfidf)
talks,-1.9156462905698761,word (tfidf)
tall,0.6694102995112947,word (tfidf)
tank,1.3682721027232652,word (tfidf)
tape,0.6747163618294569,word (tfidf)
target,0.3471319228200124,word (tfidf)
targets,-0.3946596367817549,word (tfidf)
taste,0.21547081196154663,word (tfidf)
tattoo,0.15513005899444002,word (tfidf)
taught,-1.7794931092072475,word (tfidf)
tax,-1.8475244722629391,word (tfidf)
tax plan,0.47198807500128276,word (tfidf)
taxes,0.32301269875104466,word (tfidf)
taylor,0.3048605521009,word (tfidf)
taylor swift,-0.5862129104815103,word (tfidf)
tea,-0.21291613108035137,word (tfidf)
teach,-0.8847487690770424,word (tfidf)
teacher,0.9779073014091477,word (tfidf)
teachers,-2.009211802809164,word (tfidf)
teaches,-0.15567637627477118,word (tfidf)
team,0.1526617070258012,word (tfidf)
tears,-1.2163448173954632,word (tfidf)
tech,-1.7564058232744797,word (tfidf)
technology,-0.9361610616459095,word (tfidf)
ted,0.6165488899012519,word (tfidf)
ted cruz,-0.26518411845568685,word (tfidf)
teen,0.7791342158086701,word (tfidf)
teenage,-0.05979090191962372,word (tfidf)
teens,1.0961957386178933,word (tfidf)
teeth,0.9066637773753682,word (tfidf)
teigen,-1.39491199406571,word (tfidf)
television,0.6484874866699728,word (tfidf)
tell,0.6783502109428482,word (tfidf)
telling,0.07172214256622028,word (tfidf)
tells,0.36547035152955354,word (tfidf)
term,-0.07978844466789795,word (tfidf)
terrible,-0.4043497953870736,word (tfidf)
terrified,2.0260782980390237,word (tfidf)
terrifying,-1.108401393594189,word (tfidf)
terror,-0.5609868375580935,word (tfidf)
terrorism,-0.2443962866703773,word (tfidf)
terrorist,-0.023521368146176603,word (tfidf)
test,-0.7632184377063838,word (tfidf)
testimony,0.6502532572352102,word (tfidf)
testing,0.07376635357439044,word (tfidf)
tests,0.15648049955560395,word (tfidf)
texas,-0.9483616092332742,word (tfidf)
text,-0.6130612826036637,word (tfidf)
thank,-1.1319673843854898,word (tfidf)
thankful,1.0807951717431272,word (tfidf)
thanks,-1.2677464432392562,word (tfidf)
thanksgiving,-0.811599062722749,word (tfidf)
theater,-0.5176300231205387,word (tfidf)
theme,0.9550216345072868,word (tfidf)
themed,-0.18653382313625771,word (tfidf)
theory,0.1709620061944408,word (tfidf)
therapist,0.9397492750225753,word (tfidf)
therapy,-0.8058611979007587,word (tfidf)
thing,-0.292658816201071,word (tfidf)
things,-2.5451185863845023,word (tfidf)
think,0.25471554390906176,word (tfidf)
thinking,0.720344781973123,word (tfidf)
thinks,1.5858087083670596,word (tfidf)
thomas,0.14334906257972732,word (tfidf)
thought,1.264903528792232,word (tfidf)
thoughts,-1.1828119875014143,word (tfidf)
thousands,1.3755355475976672,word (tfidf)
threat,-0.975552248981833,word (tfidf)
threatened,-0.6429167524903553,word (tfidf)
threatening,-0.04415906837691611,word (tfidf)
threatens,-0.08926814080234168,word (tfidf)
threats,-0.8362739332776552,word (tfidf)
thrones,0.5817052782431064,word (tfidf)
throw,1.2350523513471792,word (tfidf)
throwing,1.0419170844467416,word (tfidf)
thrown,1.633991912932757,word (tfidf)
throws,-0.16679187306177778,word (tfidf)
thursday,-0.23653164084283773,word (tfidf)
ties,-1.1069854163416843,word (tfidf)
tiger,-0.34622543841941633,word (tfidf)
tillerson,-0.3861700776177025,word (tfidf)
tim,1.0233087411535045,word (tfidf)
tim kaine,1.2561980085817235,word (tfidf)
time,0.9274005974539014,word (tfidf)
times,-0.38423311610188937,word (tfidf)
tiny,-0.8233534296267516,word (tfidf)
tip,1.2414977267159057,word (tfidf)
tips,-2.5754678307850813,word (tfidf)
tired,1.003977766355943,word (tfidf)
title,-0.7926745053571134,word (tfidf)
today,0.1699234051724587,word (tfidf)
toddler,0.005270258545227135,word (tfidf)
toilet,0.27956295406213044,word (tfidf)
told,0.6237884271690832,word (tfidf)
toll,0.03303379171075156,word (tfidf)
tom,-0.17769235954003293,word (tfidf)
tomorrow,0.16044119856665534,word (tfidf)
tonight,0.5897111988581083,word (tfidf)
tony,0.23440963447763627,word (tfidf)
took,-0.966017555636117,word (tfidf)
tops,0.5759441861239449,word (tfidf)
torture,0.31103139279003833,word (tfidf)
total,1.2790559651663633,word (tfidf)
totally,-0.17411288404370015,word (tfidf)
touch,0.4442184209505614,word (tfidf)
touching,0.17044845826792027,word (tfidf)
tough,-0.2553248949298386,word (tfidf)
tour,1.2778051580985323,word (tfidf)
tower,0.6163589833984773,word (tfidf)
town,1.8253566382164264,word (tfidf)
town hall,0.2759077787816032,word (tfidf)
toxic,-0.6779981333151468,word (tfidf)
toy,-0.32072196776290246,word (tfidf)
track,-0.35384392072770776,word (tfidf)
trade,-1.639475760775195,word (tfidf)
traffic,0.25936873654078624,word (tfidf)
trailer,-2.891771579139949,word (tfidf)
train,-1.1377060502109857,word (tfidf)
training,0.04053078158963594,word (tfidf)
trans,-3.2777790137908176,word (tfidf)
transgender,-3.17970595857629,word (tfidf)
transition,-0.026791775095086363,word (tfidf)
transportation,0.8242713854615061,word (tfidf)
trapped,0.34029493480628714,word (tfidf)
trash,0.1498120771906939,word (tfidf)
travel,-1.2413156198498656,word (tfidf)
travel ban,-0.7711884961960371,word (tfidf)
traveling,0.26364065802113384,word (tfidf)
treat,-0.18160122537384338,word (tfidf)
treatment,-0.7822300444776769,word (tfidf)
treats,-0.8617384717181877,word (tfidf)
tree,0.9644263681107379,word (tfidf)
trend,0.2808378645858837,word (tfidf)
trevor,-1.3163880015319407,word (tfidf)
trevor noah,-1.290738447751892,word (tfidf)
trial,-0.11128226564478978,word (tfidf)
tribute,-0.9985015291697816,word (tfidf)
trick,-0.4703950775171939,word (tfidf)
tried,-0.8483977225419796,word (tfidf)
tries,0.12492538180420673,word (tfidf)
trip,1.1868341087100083,word (tfidf)
trolls,-1.7909424440474404,word (tfidf)
troops,-0.48681249209660304,word (tfidf)
trouble,-0.226188782203366,word (tfidf)
truck,-2.0316636570150433,word (tfidf)
true,-1.0494151001481409,word (tfidf)
truly,0.5524028165246463,word (tfidf)
trump,-3.8127398674604214,word (tfidf)
trump administration,-0.6492489705288447,word (tfidf)
trump america,-0.09666345615056406,word (tfidf)
trump boys,2.8423652861307795,word (tfidf)
trump campaign,-0.42745287698179574,word (tfidf)
trump says,0.6750068466906279,word (tfidf)
trump supporters,-0.8093725750766297,word (tfidf)
trust,-0.9789140098782629,word (tfidf)
truth,-0.6711831691319486,word (tfidf)
try,0.1692783513403611,word (tfidf)
trying,0.6488279309952563,word (tfidf)
tuesday,0.2524773883664862,word (tfidf)
turkey,-1.2804057322568674,word (tfidf)
turn,0.21733327539285566,word (tfidf)
turned,-0.12181340724501138,word (tfidf)
turning,-0.3716145405072375,word (tfidf)
turns,-0.07493590660852263,word (tfidf)
tv,0.9488976447186965,word (tfidf)
tweet,-1.6513052870023608,word (tfidf)
tweets,-2.571518781035962,word (tfidf)
tweets women,-0.35528739117109776,word (tfidf)
twitter,-2.259017549781798,word (tfidf)
type,0.5929152649422381,word (tfidf)
uber,-1.8135923011344108,word (tfidf)
uk,-1.1835810383736054,word (tfidf)
ukraine,-1.4795291010881277,word (tfidf)
ultimate,-1.4309945914117512,word (tfidf)
unable,3.4704731954396,word (tfidf)
unaware,2.743115922555559,word (tfidf)
understand,-0.23861991041192754,word (tfidf)
unemployed,0.9798549796695563,word (tfidf)
unexpected,-1.020036122596632,word (tfidf)
union,0.2920697373086092,word (tfidf)
united,0.4390462056303804,word (tfidf)
united states,1.0648390783961132,word (tfidf)
universe,0.7979203627006779,word (tfidf)
university,-1.5274407376468075,word (tfidf)
unless,0.634062444374323,word (tfidf)
unsure,2.5777316084207054,word (tfidf)
unveils,2.9695466290339367,word (tfidf)
unveils new,1.583657826053165,word (tfidf)
upcoming,2.338581907851166,word (tfidf)
update,-0.4144387425891892,word (tfidf)
updates,-0.5604043611996907,word (tfidf)
upset,0.6323877604538878,word (tfidf)
urban,0.7603678411034579,word (tfidf)
urge,-0.25686471972061725,word (tfidf)
urges,1.5863543249276224,word (tfidf)
usa,-0.14896810931269114,word (tfidf)
use,-0.048145100151973715,word (tfidf)
used,1.0212927048517397,word (tfidf)
user,1.9774555633459945,word (tfidf)
users,0.19634506479104522,word (tfidf)
uses,-1.2759354963010416,word (tfidf)
using,-0.30116210787284164,word (tfidf)
vacation,0.3015816358208765,word (tfidf)
valentine,-0.31558175593644916,word (tfidf)
valentine day,0.1814515319083871,word (tfidf)
valley,-0.3508575792402912,word (tfidf)
value,1.1541026696640808,word (tfidf)
van,1.0349958754866386,word (tfidf)
vatican,1.3805216846460324,word (tfidf)
vegas,-0.9120700004648966,word (tfidf)
version,0.016818154037162254,word (tfidf)
veteran,-0.8385847209820251,word (tfidf)
veterans,-1.524882170024934,word (tfidf)
vice,-0.3829314185841115,word (tfidf)
victim,-0.732545007356308,word (tfidf)
victims,-0.12060030021895686,word (tfidf)
victory,0.9876105209279796,word (tfidf)
video,-2.516381825131021,word (tfidf)
video game,2.234347356081353,word (tfidf)
video shows,-1.3910267090842299,word (tfidf)
view,-0.6739068110874252,word (tfidf)
viewers,0.4925659828784095,word (tfidf)
views,-1.2768320306026768,word (tfidf)
violence,-1.6644072775647059,word (tfidf)
violent,1.432102393063798,word (tfidf)
viral,-2.640159640494428,word (tfidf)
virginia,-1.580033167018453,word (tfidf)
virus,0.36733173121439094,word (tfidf)
vision,0.17965641253597645,word (tfidf)
visit,0.33481175991040846,word (tfidf)
visiting,1.1976251748525464,word (tfidf)
visits,0.11931283627950427,word (tfidf)
voice,0.769416027647648,word (tfidf)
voices,0.04465485863547553,word (tfidf)
vote,-0.6084716127297296,word (tfidf)
voted,1.1748439085181457,word (tfidf)
voter,0.4192119808151349,word (tfidf)
voters,-0.4001983519791454,word (tfidf)
votes,-0.36955066556883465,word (tfidf)
voting,-0.4195397021299549,word (tfidf)
vows,2.9413373818980646,word (tfidf)
vs,-1.7745753423520503,word (tfidf)
wage,-1.135582794475491,word (tfidf)
wait,1.0622063911492894,word (tfidf)
waiting,0.4644593823643846,word (tfidf)
waitress,1.9772154408984512,word (tfidf)
wake,0.7838551860789731,word (tfidf)
wakes,1.4902017249993724,word (tfidf)
walk,-0.4008882733376333,word (tfidf)
walker,-0.1818673353791835,word (tfidf)
walking,0.13010560422399162,word (tfidf)
walking dead,-1.8129619658023581,word (tfidf)
walks,0.7138419773606782,word (tfidf)
wall,0.08960290252334667,word (tfidf)
wall street,0.1187371708111778,word (tfidf)
want,-2.100943812437844,word (tfidf)
wanted,-0.9454937466536033,word (tfidf)
wants,-0.8592839188303049,word (tfidf)
war,0.24616079632644902,word (tfidf)
warm,0.332636984535036,word (tfidf)
warn,1.056796853256165,word (tfidf)
warning,0.5365669932386371,word (tfidf)
warns,1.41557982512186,word (tfidf)
warren,-0.9974742714957967,word (tfidf)
wars,0.237286313001286,word (tfidf)
washington,-0.2577114707770415,word (tfidf)
waste,0.661142507667773,word (tfidf)
watch,-4.009404000570179,word (tfidf)
watch live,-1.1076418327182347,word (tfidf)
watched,-0.21577252957713652,word (tfidf)
watching,0.1337297514681671,word (tfidf)
water,0.158450095038114,word (tfidf)
wave,0.961914747776973,word (tfidf)
way,0.538214929361774,word (tfidf)
ways,-3.2039959406736074,word (tfidf)
weak,0.8206117041774967,word (tfidf)
weapons,0.7564788626683802,word (tfidf)
wear,-1.2752815514753832,word (tfidf)
wearing,1.5857083680313464,word (tfidf)
wears,-0.611459235870982,word (tfidf)
weather,-0.23072855812116824,word (tfidf)
web,0.06535983562358212,word (tfidf)
website,1.1402761826526322,word (tfidf)
wedding,-0.5850074544570167,word (tfidf)
wednesday,0.28774589589248656,word (tfidf)
weed,-0.40716285751220105,word (tfidf)
week,0.0861199565915938,word (tfidf)
weekend,0.01166700336768358,word (tfidf)
weeks,2.0985215067592327,word (tfidf)
weight,-0.4288070206184449,word (tfidf)
weinstein,-1.0822308860855618,word (tfidf)
weird,0.7549901866089025,word (tfidf)
welcome,-0.5698000264763036,word (tfidf)
went,-1.1094337704590647,word (tfidf)
west,-0.1482177393850356,word (tfidf)
white,0.004234179187491116,word (tfidf)
white house,2.0137320350642685,word (tfidf)
wife,1.8423316617950773,word (tfidf)
wild,0.9813081075497777,word (tfidf)
wildlife,1.6717131772734128,word (tfidf)
william,2.2243484304773826,word (tfidf)
williams,-1.1062360080861795,word (tfidf)
willing,1.0920540443037157,word (tfidf)
wilson,-0.7543141772055542,word (tfidf)
win,-0.9965023536619857,word (tfidf)
window,1.692087120106613,word (tfidf)
wine,-0.1767844214143572,word (tfidf)
winner,0.4772266334083965,word (tfidf)
winners,-1.5859767357278112,word (tfidf)
winning,-0.4079022196402579,word (tfidf)
wins,-0.3562511261474794,word (tfidf)
winter,-1.387389020671522,word (tfidf)
wisconsin,0.2812820823714343,word (tfidf)
wish,-0.6017216510339934,word (tfidf)
wishes,2.134733385746966,word (tfidf)
wolf,0.6270348208271433,word (tfidf)
woman,1.1254916836949702,word (tfidf)
women,-1.9625605645478217,word (tfidf)
women business,-0.9327510321755318,word (tfidf)
women march,0.20855394159570456,word (tfidf)
women week,-0.35528739117109776,word (tfidf)
won,-0.9199141014973244,word (tfidf)
wondering,3.772165552266501,word (tfidf)
wonders,1.3997648286318092,word (tfidf)
word,0.9852678953507116,word (tfidf)
words,0.19438810989376645,word (tfidf)
work,0.4979539998736332,word (tfidf)
worked,-0.4574156144578555,word (tfidf)
worker,0.8637604007476157,word (tfidf)
workers,-1.4365343378134374,word (tfidf)
working,1.1013001905259798,word (tfidf)
workout,-0.7146687690609758,word (tfidf)
workplace,-0.5954231007419337,word (tfidf)
works,-0.5646441505993395,word (tfidf)
world,-0.47288472827105943,word (tfidf)
world cup,-0.939127237632452,word (tfidf)
world war,0.9357091574202914,word (tfidf)
worldwide,-0.38161722339335674,word (tfidf)
worried,1.665055290818742,word (tfidf)
worry,0.5098867181811493,word (tfidf)
worse,-0.028241229435657225,word (tfidf)
worst,-1.7574354515785524,word (tfidf)
worth,0.3443408020984393,word (tfidf)
write,-0.27823476480855197,word (tfidf)
writer,0.701805634374114,word (tfidf)
writing,0.2922363557961009,word (tfidf)
written,1.9656990784978776,word (tfidf)
wrong,-1.459384532463949,word (tfidf)
year,0.22463598030996215,word (tfidf)
year old,1.403925921361852,word (tfidf)
years,0.024136059312976493,word (tfidf)
years ago,0.09106924466044357,word (tfidf)
yemen,-1.2804868386664354,word (tfidf)
yes,-1.2414704973143595,word (tfidf)
yoga,-1.5462426021515743,word (tfidf)
york,-0.6093546071495435,word (tfidf)
york city,-0.9885375018406583,word (tfidf)
york times,1.5883916493763526,word (tfidf)
young,0.31521281329408224,word (tfidf)
younger,-0.12224482417416493,word (tfidf)
youth,0.3729488895195176,word (tfidf)
youtube,1.1642511373983304,word (tfidf)
zero,1.4562198158681237,word (tfidf)
zika,-1.7018908733218572,word (tfidf)
zone,0.6925685572358307,word (tfidf)
zoo,1.566710581815294,word (tfidf)
zuckerberg,1.6168325029332944,word (tfidf)
exclamation_count,-1.796343870517702,engineered
question_count,-2.390406053150279,engineered
ellipsis_count,-2.6241447402213463,engineered
caps_ratio,0.0,engineered
quote_count,-1.0179618895739257,engineered
vader_neg,-0.09678958834899178,engineered
vader_neu,-0.14353822662407265,engineered
vader_pos,-0.48478148267537374,engineered
vader_compound,0.06523470666972324,engineered
sentiment_incongruity,0.4819961976972833,engineered
intensifier_count,0.25116203514512564,engineered
trigger_phrase_count,0.3741249709746055,engineered
absolute_word_count,1.3567475391938213,engineered
adj_density,3.634171504698717,engineered
noun_density,3.518458746863166,engineered
verb_density,4.672721921839905,engineered
contrast_score,-0.40793259478690824,engineered
